generation,best_score,avg_score,diversity
0,-767.4275,-767.4275,0.00
50,-223.2338,-742.4181,18.43
51,-223.2338,-742.7093,18.43
52,-223.2338,-742.8906,18.43
53,-223.2338,-743.0947,18.43
54,-223.2338,-743.3324,18.43
55,-223.2338,-743.5160,18.43
56,-223.2338,-743.7474,18.43
57,-223.2338,-737.9374,18.43
58,-223.2338,-738.2229,18.43
59,-223.2338,-729.1880,18.43
60,-223.2338,-729.6153,18.43
61,-223.2338,-729.6084,18.43
62,-223.2338,-730.0165,18.43
63,-223.2338,-730.4000,18.43
64,-223.2338,-730.7790,18.43
65,-223.2338,-730.7502,18.43
66,-223.2338,-731.1374,18.43
67,-223.2338,-723.0754,31.27
68,-223.2338,-726.7587,38.45
69,-223.2338,-727.1719,38.45
70,-223.2338,-727.5711,38.45
71,-223.2338,-725.1455,38.45
72,-223.2338,-725.1304,38.45
73,-223.2338,-725.5489,38.45
74,-223.2338,-725.9724,38.45
75,-223.2338,-726.3666,22.82
76,-223.2338,-726.7491,22.82
77,-223.2338,-726.7212,22.82
78,-223.2338,-727.1150,22.82
79,-223.2338,-727.4569,22.82
80,-223.2338,-727.4560,22.82
81,-223.2338,-727.7917,22.82
82,-223.2338,-728.1410,22.82
83,-223.2338,-721.5029,22.82
84,-223.2338,-721.9283,22.82
85,-86.4988,-713.7818,22.82
86,-86.4988,-714.2948,6.80
87,-86.4988,-714.8093,6.80
88,-86.4988,-714.8022,22.82
89,-86.4988,-714.7507,22.82
90,-86.4988,-715.2454,22.82
91,-86.4988,-715.6945,22.82
92,-86.4988,-716.1559,22.82
93,-86.4988,-708.6627,22.82
94,-86.4988,-709.1817,22.82
95,-86.4988,-709.6991,22.82
96,-86.4988,-710.2114,22.82
97,-86.4988,-710.6810,22.82
98,-86.4988,-711.1542,22.82
99,-86.4988,-711.6136,22.82
100,-86.4988,-712.0742,22.82
100,-86.4988,-712.0742,22.82
101,-86.4988,-712.4954,22.82
102,-86.4988,-712.9208,22.82
103,-86.4988,-713.3318,22.82
104,-86.4988,-713.7631,22.82
105,-86.4988,-714.1645,22.82
106,-86.4988,-714.5651,22.82
107,-86.4988,-714.9528,22.82
108,-86.4988,-715.3203,22.82
109,-86.4988,-715.7023,22.82
110,-86.4988,-716.0891,22.82
111,-86.4988,-716.4463,22.82
112,-86.4988,-716.8036,6.80
113,-86.4988,-712.0617,6.80
114,-86.4988,-712.0595,6.80
115,-86.4988,-712.4475,6.80
116,-86.4988,-707.4558,6.80
117,-86.4988,-702.5636,6.80
118,-86.4988,-697.7600,6.80
119,-86.4988,-697.7579,6.80
120,-86.4988,-693.4083,6.80
121,-86.4988,-693.4062,6.80
122,-86.4988,-688.7752,6.80
123,-86.4988,-684.5829,6.80
124,-86.4988,-684.5812,6.80
125,-86.4988,-680.4657,6.80
126,-86.4988,-676.4230,6.80
127,-86.4988,-677.0974,6.80
128,-86.4988,-677.7557,6.80
129,-86.4988,-677.7360,6.80
130,-86.4988,-678.3769,6.80
131,-86.4988,-674.1495,6.80
132,-86.4988,-674.8179,6.80
133,-86.4988,-671.0265,20.60
134,-86.4988,-671.0245,20.60
135,-86.4988,-669.6520,20.60
136,-86.4988,-670.3390,20.60
137,-86.4988,-666.6743,20.60
138,-86.4988,-666.6743,20.60
139,-86.4988,-742.5549,20.60
140,-86.4988,-742.6516,20.60
141,-86.4988,-737.4078,20.60
142,-86.4988,-732.2491,20.60
143,471.4962,-727.8151,20.60
144,471.4962,-728.0177,20.60
145,471.4962,-728.2223,20.60
146,471.4962,-728.4184,18.42
147,471.4962,-728.4015,18.42
148,471.4962,-723.8815,18.42
149,471.4962,-720.0598,18.42
150,471.4962,-720.3168,18.42
151,471.4962,-718.7825,18.42
152,471.4962,-714.7599,18.42
153,471.4962,-711.0918,18.42
154,471.4962,-711.0918,18.42
155,583.1125,-706.0947,18.42
156,583.1125,-705.3721,18.42
157,583.1125,-700.7930,18.42
158,583.1125,-696.2778,18.42
159,583.1125,-691.8297,18.42
160,583.1125,-692.2715,18.42
161,583.1125,-692.2670,18.42
162,583.1125,-687.9138,18.42
163,583.1125,-681.1609,18.42
164,583.1125,-673.0363,18.42
165,583.1125,-668.9085,18.42
166,583.1125,-664.8422,18.42
167,583.1125,-665.4635,18.42
168,583.1125,-665.4585,20.60
169,583.1125,-664.7887,20.60
170,583.1125,-660.8324,20.60
171,583.1125,-656.9254,20.60
172,583.1125,-653.7254,36.03
173,583.1125,-716.4521,36.03
174,583.1125,-712.9024,36.03
175,583.1125,-709.3997,36.03
176,583.1125,-705.9431,36.03
177,583.1125,-705.9115,20.60
178,583.1125,-702.4974,20.60
179,583.1125,-699.1261,20.60
180,583.1125,-696.0559,20.60
181,583.1125,-692.7735,20.60
182,583.1125,-689.5329,20.60
183,583.1125,-686.3290,20.60
184,583.1125,-683.1669,20.60
185,583.1125,-683.1628,20.60
186,583.1125,-683.1599,20.60
187,583.1125,-683.1557,20.60
188,583.1125,-680.0345,20.60
189,583.1125,-676.9494,20.60
190,583.1125,-673.9023,20.60
191,583.1125,-670.8940,20.60
192,583.1125,-667.9252,20.60
193,583.1125,-664.9909,20.60
194,583.1125,-662.0934,20.60
195,583.1125,-659.2319,20.60
196,583.1125,-659.2318,20.60
197,583.1125,-656.4057,20.60
198,583.1125,-656.4023,20.60
199,583.1125,-656.2487,20.60
200,1092.1537,-652.5543,20.60
200,1092.1537,-652.5543,20.60
201,1092.1537,-653.1461,20.60
202,1092.1537,-650.3825,20.60
203,1092.1537,-647.9644,20.60
204,1092.1537,-647.4453,20.60
205,1092.1537,-648.1409,20.60
206,1092.1537,-643.8445,20.60
207,1092.1537,-640.9318,20.60
208,1092.1537,-639.2558,20.60
209,1092.1537,-637.5728,20.60
210,1092.1537,-634.7912,20.60
211,1092.1537,-633.1896,20.60
212,1092.1537,-632.6417,20.60
213,1092.1537,-630.1961,20.60
214,1092.1537,-630.9658,20.60
215,1092.1537,-630.1429,20.60
216,1092.1537,-626.1907,20.60
217,1092.1537,-619.4815,20.60
218,1092.1537,-617.9917,20.60
219,1092.1537,-615.3216,20.60
220,1092.1537,-609.7608,20.60
221,1092.1537,-607.8949,20.60
222,1092.1537,-605.5773,20.60
223,1429.9713,-602.1568,20.60
224,1429.9713,-601.0763,20.60
225,1429.9713,-598.5401,20.60
226,1429.9713,-597.1694,20.60
227,1429.9713,-595.8318,20.60
228,1429.9713,-594.5498,20.60
229,1760.5638,-588.2533,20.60
230,1760.5638,-576.5448,20.60
231,1760.5638,-574.1281,20.60
232,1760.5638,-572.8794,20.60
233,1760.5638,-564.9302,20.60
234,1760.5638,-564.2323,20.60
235,1760.5638,-562.2508,20.60
236,1760.5638,-560.4942,20.60
237,1760.5638,-553.5161,20.60
238,1760.5638,-546.3656,20.60
239,1760.5638,-547.8606,20.60
240,1760.5638,-546.2472,20.60
241,1760.5638,-537.9622,20.60
242,1760.5638,-538.1285,20.60
243,1760.5638,-538.0901,20.60
244,2500.1575,-522.8989,20.60
245,2500.1575,-521.3353,20.60
246,2500.1575,-522.6289,20.60
247,2500.1575,-519.1352,20.60
248,2500.1575,-518.3194,20.60
249,2500.1575,-517.6440,20.60
250,2500.1575,-515.7141,20.60
251,2500.1575,-511.6628,20.60
252,2500.1575,-502.6972,20.60
253,2500.1575,-501.1490,20.60
254,2500.1575,-500.4939,20.60
255,2500.1575,-488.2377,20.60
256,2500.1575,-487.8935,20.60
257,2500.1575,-487.6462,72.87
258,2500.1575,-484.4921,72.87
259,2500.1575,-483.0554,72.87
260,2500.1575,-478.5936,72.87
261,2500.1575,-477.4925,72.87
262,2500.1575,-477.8618,72.87
263,2500.1575,-476.8240,72.87
264,2500.1575,-467.8688,72.87
265,2868.7663,-466.1301,72.87
266,2868.7663,-463.0800,72.87
267,2868.7663,-460.9158,72.87
268,2868.7663,-459.4451,72.87
269,2868.7663,-460.9514,72.87
270,2868.7663,-460.9041,72.87
271,2868.7663,-457.5788,72.87
272,2868.7663,-455.8572,72.87
273,2868.7663,-454.7511,72.87
274,2868.7663,-453.3100,72.87
275,2868.7663,-452.1267,72.87
276,2868.7663,-451.8389,72.87
277,2868.7663,-444.5203,72.87
278,2868.7663,-447.0871,72.87
279,2868.7663,-447.0288,72.87
280,2868.7663,-448.4965,72.87
281,2868.7663,-447.8192,72.87
282,2868.7663,-447.4238,72.87
283,2868.7663,-437.1355,72.87
284,2868.7663,-436.4791,72.87
285,2868.7663,-435.9101,72.87
286,2868.7663,-434.0171,72.87
287,2868.7663,-433.9926,72.87
288,2868.7663,-433.2926,72.87
289,2868.7663,-430.0783,72.87
290,2868.7663,-428.9797,72.87
291,2868.7663,-427.8889,72.87
292,2868.7663,-423.9035,72.87
293,2868.7663,-417.4991,72.87
294,2868.7663,-411.1938,72.87
295,2868.7663,-408.5621,72.87
296,2868.7663,-407.0512,72.87
297,2868.7663,-404.4288,72.87
298,2868.7663,-405.9920,72.87
299,2868.7663,-405.0363,72.87
300,2868.7663,-405.0275,72.87
300,2868.7663,-405.0275,72.87
301,2868.7663,-399.7124,72.87
302,2868.7663,-389.0285,72.87
303,2868.7663,-381.7390,72.87
304,2868.7663,-381.7381,72.87
305,2868.7663,-381.6818,72.87
306,2868.7663,-375.1349,72.87
307,2868.7663,-377.1042,72.87
308,2868.7663,-417.3673,72.87
309,2868.7663,-417.1557,72.87
310,2868.7663,-416.2546,72.87
311,2868.7663,-415.3942,72.87
312,2868.7663,-408.8711,72.87
313,2868.7663,-398.7904,72.87
314,2868.7663,-391.9240,72.87
315,2868.7663,-391.5221,72.87
316,2868.7663,-390.2051,72.87
317,2868.7663,-385.5549,72.87
318,2868.7663,-424.7975,72.87
319,2868.7663,-418.5387,72.87
320,2868.7663,-416.6551,72.87
321,2868.7663,-416.3560,72.87
322,2868.7663,-415.5773,72.87
323,2868.7663,-407.0587,72.87
324,2868.7663,-406.4089,72.87
325,2868.7663,-403.6239,72.87
326,2868.7663,-397.4997,72.87
327,2868.7663,-389.7687,72.87
328,2868.7663,-389.1104,72.87
329,2868.7663,-389.1104,72.87
330,2868.7663,-380.6851,72.87
331,2868.7663,-379.9112,72.87
332,2868.7663,-379.5545,72.87
333,2868.7663,-379.5527,72.87
334,2868.7663,-373.5819,72.87
335,2868.7663,-373.4089,72.87
336,2868.7663,-372.6710,72.87
337,2868.7663,-370.2004,72.87
338,2868.7663,-364.6012,72.87
339,2868.7663,-363.9049,72.87
340,2868.7663,-362.8461,72.87
341,2868.7663,-360.1820,72.87
342,2868.7663,-359.5112,72.87
343,2868.7663,-351.9654,72.87
344,2868.7663,-348.7834,72.87
345,2868.7663,-342.5564,72.87
346,2868.7663,-341.9577,72.87
347,2868.7663,-335.2440,72.87
348,2868.7663,-328.6467,72.87
349,2868.7663,-325.8104,72.87
350,2868.7663,-325.7785,72.87
351,2868.7663,-324.9047,72.87
352,2868.7663,-316.0764,72.87
353,2868.7663,-313.7169,72.87
354,2868.7663,-313.7169,72.87
355,2868.7663,-313.3552,72.87
356,2868.7663,-313.0226,72.87
357,2868.7663,-306.9536,72.87
358,2868.7663,-301.2386,72.87
359,2868.7663,-298.9529,72.87
360,2868.7663,-298.6885,72.87
361,2868.7663,-298.6885,72.87
362,2868.7663,-291.3530,72.87
363,2868.7663,-291.1572,72.87
364,2868.7663,-285.8831,72.87
365,2868.7663,-285.5137,72.87
366,2868.7663,-279.5308,72.87
367,2868.7663,-278.3027,72.87
368,2868.7663,-273.0995,72.87
369,2868.7663,-263.6944,72.87
370,2868.7663,-259.8900,72.87
371,2868.7663,-257.0300,72.87
372,2868.7663,-256.4304,72.87
373,2868.7663,-253.4619,72.87
374,2868.7663,-248.6341,72.87
375,2868.7663,-245.1055,72.87
376,2868.7663,-244.1723,72.87
377,2868.7663,-239.4134,72.87
378,2868.7663,-231.9011,72.87
379,2868.7663,-231.3586,72.87
380,2868.7663,-230.9472,72.87
381,2868.7663,-230.4603,72.87
382,2868.7663,-230.0193,72.87
383,2868.7663,-229.8596,72.87
384,2868.7663,-222.8521,72.87
385,2868.7663,-221.5816,72.87
386,2868.7663,-221.4642,72.87
387,2868.7663,-220.3684,72.87
388,2868.7663,-218.8607,72.87
389,2868.7663,-217.9327,72.87
390,2868.7663,-217.8817,72.87
391,2868.7663,-214.4915,72.87
392,2868.7663,-214.0838,72.87
393,2868.7663,-213.7923,72.87
394,2868.7663,-207.2593,72.87
395,2868.7663,-198.8948,72.87
396,2868.7663,-198.8431,72.87
397,2868.7663,-198.6736,72.87
398,2868.7663,-198.2402,72.87
399,2868.7663,-197.3520,72.87
400,2868.7663,-192.9966,72.87
400,2868.7663,-192.9966,72.87
401,2868.7663,-189.9193,72.87
402,2868.7663,-183.9494,72.87
403,2868.7663,-177.3933,72.87
404,2868.7663,-177.1932,72.87
405,2868.7663,-176.8174,72.87
406,2868.7663,-173.8186,72.87
407,2868.7663,-173.4916,72.87
408,2868.7663,-171.3700,72.87
409,2868.7663,-170.1742,72.87
410,2868.7663,-170.2188,72.87
411,2868.7663,-167.6976,72.87
412,2868.7663,-167.4943,72.87
413,2868.7663,-167.2292,72.87
414,2868.7663,-160.8017,72.87
415,2868.7663,-159.7821,72.87
416,2868.7663,-156.6767,72.87
417,2868.7663,-153.4764,72.87
418,2868.7663,-147.9491,72.87
419,2868.7663,-142.8326,72.87
420,2868.7663,-139.0882,72.87
421,2868.7663,-136.7643,72.87
422,2868.7663,-129.0833,72.87
423,2868.7663,-129.8023,72.87
424,2868.7663,-129.6603,72.87
425,2868.7663,-127.8809,72.87
426,2868.7663,-125.0213,72.87
427,2868.7663,-120.8673,72.87
428,2868.7663,-117.0525,72.87
429,2868.7663,-108.9738,72.87
430,2868.7663,-103.0149,72.87
431,2868.7663,-101.3699,72.87
432,2868.7663,-96.5756,72.87
433,2868.7663,-92.2119,72.87
434,2868.7663,-89.4019,72.87
435,2868.7663,-84.2007,72.87
436,2868.7663,-81.4173,72.87
437,2868.7663,-75.5870,72.87
438,2868.7663,-75.1091,72.87
439,2868.7663,-69.8684,72.87
440,2868.7663,-64.1843,72.87
441,2868.7663,-60.2478,72.87
442,2868.7663,-52.7071,72.87
443,2868.7663,-47.7569,72.87
444,2868.7663,-47.2014,72.87
445,2868.7663,-46.6902,72.87
446,2868.7663,-46.5915,72.87
447,2868.7663,-42.6386,72.87
448,2868.7663,-43.0580,72.87
449,2868.7663,-39.1134,72.87
450,2868.7663,-39.2548,72.87
451,2868.7663,-34.7555,72.87
452,2868.7663,-34.4382,72.87
453,2868.7663,-34.7534,72.87
454,2868.7663,-35.3907,72.87
455,2868.7663,-28.9284,72.87
456,2868.7663,-29.0976,72.87
457,2868.7663,-28.5199,72.87
458,2868.7663,-24.5073,72.87
459,2868.7663,-21.1606,72.87
460,2868.7663,-20.6563,72.87
461,2868.7663,-16.9361,72.87
462,2868.7663,-16.9329,72.87
463,2868.7663,-13.2637,72.87
464,2868.7663,-13.2067,72.87
465,2868.7663,-10.1514,72.87
466,2868.7663,-7.4648,72.87
467,2868.7663,-5.0122,72.87
468,2868.7663,-2.4945,72.87
469,2868.7663,-2.7365,72.87
470,2868.7663,0.6565,72.87
471,2868.7663,2.2728,72.87
472,2868.7663,2.4292,72.87
473,2868.7663,4.9533,72.87
474,2868.7663,4.9539,72.87
475,2868.7663,8.7884,72.87
476,2868.7663,11.5022,72.87
477,2868.7663,16.0693,72.87
478,2868.7663,17.9109,72.87
479,2868.7663,17.9164,72.87
480,2868.7663,19.3874,72.87
481,2868.7663,23.1840,72.87
482,2868.7663,26.8559,72.87
483,2868.7663,29.9217,72.87
484,2868.7663,32.5946,72.87
485,2868.7663,37.9371,72.87
486,2868.7663,41.0020,72.87
487,2868.7663,40.6527,72.87
488,2868.7663,40.7498,72.87
489,2868.7663,41.7621,72.87
490,2868.7663,46.8654,72.87
491,2868.7663,46.5039,72.87
492,2868.7663,50.8076,72.87
493,2868.7663,48.6114,72.87
494,2868.7663,48.7890,72.87
495,2868.7663,52.5365,72.87
496,2868.7663,52.6896,72.87
497,2868.7663,53.5730,72.87
498,2868.7663,54.6691,72.87
499,2868.7663,57.1288,72.87
500,2868.7663,59.4369,72.87
500,2868.7663,59.4369,72.87
501,2868.7663,61.3020,72.87
502,2868.7663,64.3758,72.87
503,2868.7663,67.2769,72.87
504,2868.7663,70.0457,72.87
505,2868.7663,73.7075,72.87
506,2868.7663,76.0852,72.87
507,2868.7663,78.5501,72.87
508,2868.7663,79.4280,72.87
509,2868.7663,82.4967,72.87
510,2868.7663,84.6372,72.87
511,2868.7663,85.4899,72.87
512,2868.7663,88.7682,72.87
513,2868.7663,93.9055,72.87
514,2868.7663,96.7303,72.87
515,2868.7663,102.4062,72.87
516,2868.7663,105.2176,72.87
517,2868.7663,104.3840,72.87
518,2868.7663,109.9731,72.87
519,2868.7663,112.9224,72.87
520,2868.7663,112.9230,72.87
521,2868.7663,113.0639,72.87
522,2868.7663,112.5598,72.87
523,2868.7663,112.7235,72.87
524,2868.7663,114.9730,72.87
525,2868.7663,115.0533,72.87
526,2868.7663,114.5451,72.87
527,2868.7663,114.7861,72.87
528,2868.7663,115.9559,72.87
529,2868.7663,117.1960,72.87
530,2868.7663,121.3213,72.87
531,2868.7663,122.8912,72.87
532,2868.7663,122.9894,72.87
533,2868.7663,124.9400,72.87
534,2868.7663,125.1389,72.87
535,2868.7663,127.5664,72.87
536,2868.7663,127.5877,72.87
537,2868.7663,127.0598,72.87
538,2868.7663,127.9111,72.87
539,2868.7663,127.9580,72.87
540,2868.7663,127.1931,72.87
541,2868.7663,128.0289,72.87
542,2868.7663,127.4930,72.87
543,2868.7663,127.4962,72.87
544,2868.7663,129.0583,72.87
545,2868.7663,129.2686,72.87
546,2868.7663,130.5454,72.87
547,2868.7663,132.6029,72.87
548,2868.7663,134.7157,72.87
549,2868.7663,135.0267,72.87
550,2868.7663,137.3566,72.87
551,2868.7663,137.3863,72.87
552,2868.7663,140.9543,72.87
553,2868.7663,141.1451,72.87
554,2868.7663,144.9480,72.87
555,2868.7663,147.8400,68.05
556,2868.7663,150.4404,68.05
557,2868.7663,149.6083,68.05
558,2868.7663,153.9953,68.05
559,2868.7663,154.7289,68.05
560,2868.7663,155.1224,68.05
561,2868.7663,155.9037,68.05
562,2868.7663,157.4950,68.05
563,2868.7663,157.8834,68.05
564,2868.7663,159.7984,68.05
565,2868.7663,162.3189,68.05
566,2868.7663,163.8492,68.05
567,2868.7663,164.0836,68.05
568,2868.7663,140.5011,68.05
569,2868.7663,142.3604,68.05
570,2868.7663,139.7641,68.05
571,2868.7663,144.1685,68.05
572,2868.7663,144.8861,68.05
573,2868.7663,144.9518,68.05
574,2868.7663,145.4349,68.05
575,3271.8400,153.4511,68.05
576,3271.8400,154.2263,68.05
577,3271.8400,155.2779,68.05
578,3271.8400,155.4991,68.05
579,3271.8400,156.5202,68.05
580,3271.8400,156.6937,68.05
581,3271.8400,156.9489,68.05
582,3271.8400,157.4485,68.05
583,3271.8400,159.6661,68.05
584,3271.8400,164.7578,68.05
585,3271.8400,164.7637,68.05
586,3271.8400,169.2151,68.05
587,3271.8400,169.7453,68.05
588,3271.8400,170.5746,68.05
589,3271.8400,171.6265,68.05
590,3271.8400,172.2375,68.05
591,3271.8400,172.6863,68.05
592,3271.8400,174.0094,42.72
593,3271.8400,174.2140,42.72
594,3271.8400,175.3238,42.72
595,3271.8400,173.2192,42.72
596,3271.8400,173.3185,42.72
597,3271.8400,173.7516,42.72
598,3271.8400,174.6209,42.72
599,3271.8400,175.0404,42.72
600,3271.8400,175.0810,42.72
600,3271.8400,175.0810,42.72
601,3271.8400,179.2463,42.72
602,3271.8400,179.6465,42.72
603,3271.8400,183.1148,42.72
604,3271.8400,183.1863,42.72
605,3271.8400,187.2093,42.72
606,3271.8400,188.1719,42.72
607,3271.8400,188.6718,42.72
608,3271.8400,188.9162,42.72
609,3271.8400,190.1184,42.72
610,3271.8400,193.5646,42.72
611,3271.8400,194.8505,42.72
612,3271.8400,200.7981,42.72
613,3271.8400,201.2672,42.72
614,3271.8400,201.9311,42.72
615,3271.8400,202.1838,33.05
616,3271.8400,206.0730,33.05
617,3271.8400,206.1795,33.05
618,3271.8400,206.7733,33.05
619,3271.8400,206.8510,33.05
620,3271.8400,205.4089,33.05
621,3271.8400,207.6131,33.05
622,3271.8400,209.7319,33.05
623,3271.8400,209.9776,33.05
624,3271.8400,210.1524,33.05
625,3271.8400,210.5190,33.05
626,3271.8400,211.4993,33.05
627,3271.8400,211.6927,33.05
628,3271.8400,213.0784,33.05
629,3271.8400,216.5771,33.05
630,3271.8400,218.0815,33.05
631,3271.8400,218.0821,33.05
632,3271.8400,221.1839,33.05
633,3271.8400,221.2965,33.05
634,3271.8400,223.4952,33.05
635,3271.8400,223.5874,33.05
636,3271.8400,223.8182,33.05
637,3271.8400,225.8479,33.05
638,3271.8400,226.1304,33.05
639,3271.8400,226.7237,33.05
640,3271.8400,225.8399,33.05
641,3271.8400,228.2178,33.05
642,3271.8400,228.3835,33.05
643,3271.8400,229.2236,33.05
644,3271.8400,231.4883,33.05
645,3271.8400,231.7322,33.05
646,3271.8400,232.1966,33.05
647,3271.8400,230.4092,33.05
648,3271.8400,233.7008,33.05
649,3271.8400,234.6345,33.05
650,3271.8400,234.8962,33.05
651,3271.8400,237.8301,33.05
652,3271.8400,238.4220,33.05
653,3271.8400,241.1178,33.05
654,3271.8400,243.9418,33.05
655,3271.8400,243.2451,33.05
656,3271.8400,243.2461,33.05
657,3271.8400,244.2171,33.05
658,3271.8400,246.6027,33.05
659,3271.8400,246.6581,33.05
660,3271.8400,246.6845,33.05
661,3271.8400,247.0727,33.05
662,3271.8400,250.0569,33.05
663,3271.8400,251.1614,33.05
664,3271.8400,251.3473,33.05
665,3271.8400,251.4231,33.05
666,3271.8400,250.5543,33.05
667,3271.8400,250.5763,14.83
668,3271.8400,249.8755,32.28
669,3271.8400,251.2794,32.28
670,3271.8400,254.8678,33.48
671,3283.1962,261.1247,33.48
672,3283.1962,263.2250,33.48
673,3283.1962,265.1622,33.48
674,3283.1962,268.1609,33.48
675,3283.1962,270.8169,33.48
676,3283.1962,271.7181,33.48
677,3283.1962,273.3892,33.48
678,3283.1962,273.5873,33.48
679,3283.1962,272.8507,33.48
680,3283.1962,274.7130,33.48
681,3283.1962,274.8777,33.48
682,3283.1962,275.5650,33.48
683,3283.1962,278.4677,33.48
684,3283.1962,276.3869,33.48
685,3283.1962,279.0968,33.48
686,3283.1962,279.0976,33.48
687,3283.1962,279.3620,33.48
688,3283.1962,282.1318,33.48
689,3283.1962,281.1359,33.48
690,3283.1962,282.7156,33.48
691,3283.1962,284.4616,33.48
692,3283.1962,284.7446,33.48
693,3283.1962,285.0936,33.48
694,3283.1962,284.3519,33.48
695,3283.1962,284.4735,33.48
696,3283.1962,284.6650,33.48
697,3283.1962,285.9033,33.48
698,3283.1962,285.9905,33.48
699,3283.1962,289.4671,33.48
700,3283.1962,289.5010,33.48
700,3283.1962,289.5010,33.48
701,3283.1962,288.7538,33.48
702,3283.1962,290.6094,33.48
703,3283.1962,290.8388,33.48
704,3283.1962,292.7470,33.48
705,3283.1962,292.7483,33.48
706,3283.1962,295.5295,33.48
707,3283.1962,297.7824,33.48
708,3283.1962,298.3257,33.48
709,3283.1962,298.2374,33.48
710,3283.1962,298.3013,33.48
711,3283.1962,301.6360,33.48
712,3283.1962,302.3214,33.48
713,3283.1962,302.7044,33.48
714,3283.1962,304.4412,33.48
715,3283.1962,305.6965,33.48
716,3283.1962,306.4413,33.48
717,3283.1962,308.9569,33.48
718,3283.1962,309.6803,33.48
719,3283.1962,310.0573,33.48
720,3283.1962,312.4847,33.48
721,3283.1962,312.2706,33.48
722,3283.1962,316.3813,33.48
723,3283.1962,317.2724,33.48
724,3283.1962,321.0592,33.48
725,3283.1962,320.2737,33.48
726,3283.1962,321.0910,33.48
727,3283.1962,323.9935,33.48
728,3283.1962,325.0472,33.48
729,3283.1962,330.1082,33.48
730,3283.1962,332.0214,33.48
731,3283.1962,332.3427,33.48
732,3283.1962,331.5483,33.48
733,3283.1962,330.7545,33.48
734,3283.1962,311.2257,33.48
735,3283.1962,311.3061,33.48
736,3283.1962,310.5543,33.48
737,3283.1962,312.1693,33.48
738,3283.1962,312.1727,33.48
739,3283.1962,314.2300,33.48
740,3283.1962,314.0463,33.48
741,3283.1962,315.5907,33.48
742,3283.1962,318.3908,33.48
743,3283.1962,319.4055,33.48
744,3283.1962,320.8333,33.48
745,3283.1962,320.8933,33.48
746,3283.1962,320.9674,33.48
747,3283.1962,322.5846,33.48
748,3283.1962,324.5510,33.48
749,3283.1962,325.6669,33.48
750,3283.1962,326.2783,33.48
751,3283.1962,328.6643,33.48
752,3283.1962,329.0669,33.48
753,3283.1962,327.0781,33.48
754,3283.1962,330.6462,33.48
755,3283.1962,330.6514,33.48
756,3283.1962,329.8857,33.48
757,3283.1962,329.1244,33.48
758,3283.1962,329.9248,33.48
759,3283.1962,329.1644,33.48
760,3283.1962,329.6928,33.48
761,3283.1962,332.7303,33.48
762,3283.1962,330.2949,33.48
763,3283.1962,332.6592,33.48
764,3283.1962,333.1875,33.48
765,3283.1962,335.5425,33.48
766,3283.1962,336.9132,33.48
767,3283.1962,337.0361,33.48
768,3283.1962,339.0607,33.48
769,3283.1962,341.6916,33.48
770,3283.1962,343.8003,33.48
771,3283.1962,343.0301,33.48
772,3283.1962,343.2003,33.48
773,3283.1962,345.5876,33.48
774,3283.1962,346.3906,33.48
775,3283.1962,348.9206,33.48
776,3283.1962,351.3742,33.48
777,3283.1962,352.1066,33.48
778,3283.1962,353.8956,33.48
779,3283.1962,354.9188,33.48
780,3283.1962,354.1398,33.48
781,3283.1962,355.0885,33.48
782,3283.1962,357.0338,33.48
783,3283.1962,358.6626,33.48
784,3283.1962,361.7770,33.48
785,3283.1962,363.9500,33.48
786,3283.1962,366.2649,33.48
787,3283.1962,365.4757,33.48
788,3283.1962,366.0292,33.48
789,3283.1962,366.6017,33.48
790,3283.1962,368.8294,33.48
791,3283.1962,368.0416,33.48
792,3283.1962,369.7113,33.48
793,3283.1962,370.9798,33.48
794,3283.1962,371.1451,33.48
795,3283.1962,371.7696,33.48
796,3283.1962,372.7591,33.48
797,3283.1962,372.9030,33.48
798,3283.1962,373.0074,33.48
799,3283.1962,373.2007,33.48
800,3283.1962,373.3544,33.48
800,3283.1962,373.3544,33.48
801,3283.1962,374.7745,33.48
802,3283.1962,374.9836,33.48
803,3283.1962,374.9944,33.48
804,3283.1962,375.8065,33.48
805,3283.1962,377.0683,33.48
806,3283.1962,377.5299,33.48
807,3283.1962,378.4687,33.48
808,3283.1962,378.3983,33.48
809,3283.1962,378.4925,33.48
810,3283.1962,378.6037,33.48
811,3283.1962,381.0768,33.48
812,3283.1962,380.2799,33.48
813,3283.1962,382.1109,33.48
814,3283.1962,382.7152,33.48
815,3283.1962,387.0710,33.48
816,3283.1962,388.5160,33.48
817,3283.1962,389.1835,33.48
818,3283.1962,391.3222,33.48
819,3283.1962,393.2936,33.48
820,3283.1962,394.3057,33.48
821,3283.1962,396.6858,33.48
822,3283.1962,397.1303,33.48
823,3283.1962,397.4170,33.48
824,3283.1962,400.0789,33.48
825,3283.1962,382.6875,33.48
826,3283.1962,384.6959,33.48
827,3283.1962,385.1428,33.48
828,3283.1962,388.1328,33.48
829,3283.1962,390.1095,33.48
830,3283.1962,392.4579,33.48
831,3283.1962,392.5455,33.48
832,3283.1962,392.8312,33.48
833,3283.1962,393.3668,33.48
834,3283.1962,392.3435,33.48
835,3283.1962,393.7110,33.48
836,3283.1962,395.3776,33.48
837,3283.1962,397.3268,33.48
838,3283.1962,397.8459,33.48
839,3283.1962,399.8576,33.48
840,3283.1962,401.1183,33.48
841,3283.1962,400.4051,33.48
842,3283.1962,402.9697,33.48
843,3283.1962,403.1526,33.48
844,3283.1962,405.0920,33.48
845,3283.1962,403.1988,33.48
846,3283.1962,403.9366,33.48
847,3283.1962,405.2791,33.48
848,3283.1962,405.2793,33.48
849,3283.1962,405.7002,33.48
850,3283.1962,407.7592,33.48
851,3283.1962,407.8495,33.48
852,3283.1962,410.4854,33.48
853,3283.1962,410.8960,33.48
854,3283.1962,411.4075,33.48
855,3283.1962,411.4638,33.48
856,3283.1962,413.5714,33.48
857,3283.1962,414.7422,33.48
858,3283.1962,416.4850,33.48
859,3283.1962,419.4029,33.48
860,3283.1962,419.6484,33.48
861,3283.1962,420.3678,33.48
862,3283.1962,420.3110,33.48
863,3283.1962,422.4574,33.48
864,3283.1962,422.9013,33.48
865,3283.1962,424.2729,33.48
866,3283.1962,425.1670,33.48
867,3283.1962,425.1968,33.48
868,3283.1962,425.4189,33.48
869,3283.1962,428.8456,33.48
870,3283.1962,428.0282,33.48
871,3283.1962,430.0118,33.48
872,3283.1962,430.9050,33.48
873,3283.1962,432.4585,33.48
874,3283.1962,434.0742,33.48
875,3283.1962,434.7451,33.48
876,3283.1962,436.4267,33.48
877,3283.1962,436.9291,33.48
878,3283.1962,437.4514,33.48
879,3283.1962,437.6878,33.48
880,3283.1962,437.8919,33.48
881,3283.1962,437.9606,33.48
882,3283.1962,438.2130,33.48
883,3283.1962,438.4279,33.48
884,3283.1962,438.4710,27.68
885,3283.1962,439.2611,18.52
886,3283.1962,439.2756,18.52
887,3283.1962,439.8306,18.52
888,3283.1962,441.0129,18.52
889,3283.1962,441.9551,18.52
890,3283.1962,443.0942,18.52
891,3283.1962,446.5360,18.52
892,3283.1962,447.5401,18.52
893,3283.1962,448.9367,18.52
894,3283.1962,450.7686,18.52
895,3283.1962,452.9172,18.52
896,3283.1962,453.1568,18.52
897,3283.1962,455.6333,18.52
898,3283.1962,457.4826,18.52
899,3283.1962,458.6778,18.52
900,3283.1962,458.8020,18.52
900,3283.1962,458.8020,18.52
901,3283.1962,457.9657,18.52
902,3283.1962,458.0051,18.52
903,3283.1962,460.3505,18.52
904,3283.1962,460.3973,18.52
905,3283.1962,464.1745,18.52
906,3283.1962,464.7685,18.52
907,3283.1962,466.5265,18.52
908,3283.1962,468.9708,18.52
909,3283.1962,469.5714,18.52
910,3283.1962,471.2358,18.52
911,3283.1962,472.0926,18.52
912,3283.1962,472.1309,18.52
913,3283.1962,471.8631,18.52
914,3283.1962,473.0495,18.52
915,3283.1962,472.9951,18.52
916,3283.1962,473.0405,18.52
917,3283.1962,474.9163,18.52
918,3283.1962,474.0704,18.52
919,3283.1962,474.6268,18.52
920,3283.1962,475.1358,18.52
921,3283.1962,475.6787,18.52
922,3283.1962,476.9253,18.52
923,3283.1962,477.5355,18.52
924,3283.1962,478.4699,18.52
925,3283.1962,478.6158,18.52
926,3283.1962,478.6180,18.52
927,3283.1962,477.7748,18.52
928,3283.1962,479.5739,18.52
929,3283.1962,479.9348,18.52
930,3283.1962,479.9506,18.52
931,3283.1962,482.3920,18.52
932,3283.1962,483.2891,18.52
933,3283.1962,484.0160,18.52
934,3283.1962,482.9698,18.52
935,3283.1962,483.1829,18.52
936,3283.1962,483.5000,18.52
937,3283.1962,484.1591,18.52
938,3283.1962,484.1630,18.52
939,3283.1962,484.3026,18.52
940,3283.1962,484.3573,18.52
941,3283.1962,485.1163,18.52
942,3283.1962,485.3128,18.52
943,3283.1962,484.4713,18.52
944,3283.1962,486.1323,18.52
945,3283.1962,487.2627,18.52
946,3283.1962,487.5409,18.52
947,3283.1962,487.9465,18.52
948,3283.1962,488.0781,18.52
949,3283.1962,487.2389,18.52
950,3283.1962,488.4191,18.52
951,3283.1962,488.1258,18.52
952,3283.1962,488.1278,18.52
953,3283.1962,491.3595,18.52
954,3283.1962,493.2126,18.52
955,3283.1962,492.2401,18.52
956,3283.1962,491.2056,18.52
957,3283.1962,491.0388,18.52
958,3283.1962,491.2722,18.52
959,3283.1962,492.2360,18.52
960,3283.1962,493.6777,18.52
961,3283.1962,495.4880,18.52
962,3283.1962,495.5279,18.52
963,3283.1962,497.6513,18.52
964,3283.1962,498.6661,18.52
965,3283.1962,498.8850,18.52
966,3283.1962,499.6110,18.52
967,3283.1962,499.8153,18.52
968,3283.1962,502.7079,18.52
969,3283.1962,503.6770,18.52
970,3283.1962,503.0043,18.52
971,3283.1962,504.6537,18.52
972,3283.1962,504.6690,18.52
973,3283.1962,504.9997,18.52
974,3283.1962,503.2340,18.52
975,3283.1962,503.9227,18.52
976,3283.1962,504.0226,18.52
977,3283.1962,505.2067,18.52
978,3283.1962,505.2077,18.52
979,3283.1962,506.2068,18.52
980,3283.1962,506.9032,18.52
981,3283.1962,506.0668,18.52
982,3283.1962,507.6850,18.52
983,3283.1962,507.7014,18.52
984,3283.1962,508.2509,18.52
985,3283.1962,508.0161,18.52
986,3283.1962,508.4066,18.52
987,3329.5800,509.0133,27.68
988,3329.5800,509.2879,27.68
989,3329.5800,510.4582,27.68
990,3329.5800,511.1830,27.68
991,3329.5800,512.1333,27.68
992,3329.5800,512.6116,27.68
993,3329.5800,512.2568,27.68
994,3329.5800,512.4283,27.68
995,3329.5800,511.5957,27.68
996,3329.5800,513.8568,27.68
997,3329.5800,515.5765,27.68
998,3329.5800,515.9138,27.68
999,3329.5800,515.9730,27.68
1000,3329.5800,516.1106,27.68
1000,3329.5800,516.1106,27.68
1001,3329.5800,516.9753,27.68
1002,3329.5800,517.7248,27.68
1003,3329.5800,518.5395,27.68
1004,3329.5800,519.2883,27.68
1005,3329.5800,519.3435,27.68
1006,3329.5800,520.9193,27.68
1007,3329.5800,520.5509,27.68
1008,3329.5800,520.1853,27.68
1009,3329.5800,519.6307,27.68
1010,3329.5800,521.4054,27.68
1011,3329.5800,521.5467,27.68
1012,3329.5800,521.8460,27.68
1013,3329.5800,522.1596,27.68
1014,3329.5800,524.3738,27.68
1015,3329.5800,526.2001,27.68
1016,3329.5800,528.0190,27.68
1017,3329.5800,528.3209,27.68
1018,3329.5800,528.2886,27.68
1019,3329.5800,529.7042,27.68
1020,3329.5800,531.2855,27.68
1021,3329.5800,532.3789,27.68
1022,3329.5800,533.4408,27.68
1023,3329.5800,533.5213,27.68
1024,3329.5800,533.3735,27.68
1025,3329.5800,533.2200,27.68
1026,3329.5800,534.7430,27.68
1027,3329.5800,534.8004,27.68
1028,3329.5800,535.3118,27.68
1029,3329.5800,536.8915,27.68
1030,3329.5800,536.9080,27.68
1031,3329.5800,538.9267,27.68
1032,3329.5800,540.4035,27.68
1033,3329.5800,540.6958,27.68
1034,3329.5800,541.8066,27.68
1035,3329.5800,541.7807,27.68
1036,3329.5800,541.8356,27.68
1037,3329.5800,543.2659,27.68
1038,3329.5800,543.9292,27.68
1039,3329.5800,543.5707,27.68
1040,3329.5800,546.5800,27.68
1041,3329.5800,548.0698,27.68
1042,3329.5800,548.6706,27.68
1043,3329.5800,552.0370,27.68
1044,3329.5800,552.8844,27.68
1045,3329.5800,555.0280,27.68
1046,3329.5800,556.0630,27.68
1047,3329.5800,556.8810,27.68
1048,3329.5800,556.9529,27.68
1049,3329.5800,557.1811,27.68
1050,3329.5800,556.3374,27.68
1051,3329.5800,556.1524,27.68
1052,3329.5800,555.3131,27.68
1053,3329.5800,555.3209,27.68
1054,3329.5800,556.3625,27.68
1055,3329.5800,557.4439,27.68
1056,3329.5800,560.0452,27.68
1057,3329.5800,560.2559,27.68
1058,3329.5800,561.1665,27.68
1059,3329.5800,562.0418,27.68
1060,3782.8800,562.8890,27.68
1061,3782.8800,563.2694,27.68
1062,3782.8800,562.4284,27.68
1063,3782.8800,562.9157,27.68
1064,3782.8800,563.2541,27.68
1065,3782.8800,564.4613,27.68
1066,3782.8800,564.6908,18.22
1067,3782.8800,565.0407,18.22
1068,3782.8800,565.3128,18.22
1069,3782.8800,566.3386,18.22
1070,3782.8800,567.7249,18.22
1071,3782.8800,567.8973,18.22
1072,3782.8800,568.0167,18.22
1073,3782.8800,568.1585,18.22
1074,3782.8800,568.1657,18.22
1075,3782.8800,569.3308,18.22
1076,3782.8800,568.4845,18.22
1077,3782.8800,568.6044,18.22
1078,3782.8800,568.8622,18.22
1079,3782.8800,569.1279,18.22
1080,3782.8800,570.1037,18.22
1081,3782.8800,570.3760,18.22
1082,3782.8800,571.8100,18.22
1083,3782.8800,573.0278,18.22
1084,3782.8800,573.0582,18.22
1085,3782.8800,573.4392,18.22
1086,3782.8800,572.5911,18.22
1087,3782.8800,572.7267,18.22
1088,3782.8800,571.0240,18.22
1089,3782.8800,571.1392,18.22
1090,3782.8800,571.1405,18.22
1091,3782.8800,571.1505,18.22
1092,3782.8800,570.3070,18.22
1093,3782.8800,570.6083,18.22
1094,3782.8800,571.1522,18.22
1095,3782.8800,571.2720,18.22
1096,3782.8800,571.4366,18.22
1097,3782.8800,571.1311,18.22
1098,3782.8800,571.5218,18.22
1099,3782.8800,571.8984,18.22
1100,3782.8800,572.1141,18.22
1100,3782.8800,572.1141,18.22
1101,3782.8800,572.5673,18.22
1102,3782.8800,572.6006,18.22
1103,3782.8800,574.0867,18.22
1104,3782.8800,574.8978,18.22
1105,3782.8800,575.2512,18.22
1106,3782.8800,575.2892,18.22
1107,3782.8800,575.4459,18.22
1108,3782.8800,575.8409,18.22
1109,3782.8800,577.1906,18.22
1110,3782.8800,575.4954,18.22
1111,3782.8800,577.2509,18.22
1112,3782.8800,578.3828,18.22
1113,3782.8800,579.0150,18.22
1114,3782.8800,579.0533,18.22
1115,3782.8800,579.2928,18.22
1116,3782.8800,579.6463,18.22
1117,3782.8800,579.8491,18.22
1118,3782.8800,579.9733,18.22
1119,3782.8800,580.2013,18.22
1120,3782.8800,580.9102,18.22
1121,3782.8800,581.6218,18.22
1122,3782.8800,581.6870,18.22
1123,3782.8800,582.0471,18.22
1124,3782.8800,582.6704,18.22
1125,3782.8800,581.8222,18.22
1126,3782.8800,582.6365,18.22
1127,3782.8800,583.8112,18.22
1128,3782.8800,584.4837,18.22
1129,3782.8800,586.7748,18.22
1130,3782.8800,586.9617,18.22
1131,3782.8800,587.0258,18.22
1132,3782.8800,589.3724,18.22
1133,3782.8800,589.6844,18.22
1134,3782.8800,590.5188,18.22
1135,3782.8800,591.0306,18.22
1136,3782.8800,591.8965,18.22
1137,3782.8800,592.1814,27.68
1138,3782.8800,592.9976,27.68
1139,3782.8800,593.0008,27.68
1140,3782.8800,579.7264,27.68
1141,3782.8800,580.5652,27.68
1142,3782.8800,580.8017,27.68
1143,3782.8800,579.9668,27.68
1144,3782.8800,579.9882,27.68
1145,3782.8800,580.8771,27.68
1146,3782.8800,582.9050,27.68
1147,3782.8800,582.0711,27.68
1148,3782.8800,582.2785,27.68
1149,3782.8800,583.2972,27.68
1150,3782.8800,583.8880,27.68
1151,3782.8800,584.0103,27.68
1152,3782.8800,583.8930,27.68
1153,3782.8800,583.9829,27.68
1154,3782.8800,584.0667,27.68
1155,3782.8800,584.2137,27.68
1156,3782.8800,585.9209,27.68
1157,3782.8800,586.2180,27.68
1158,3782.8800,586.2997,27.68
1159,3782.8800,586.3218,27.68
1160,3782.8800,586.7118,27.68
1161,3782.8800,587.1757,27.68
1162,3782.8800,587.3638,27.68
1163,3782.8800,586.5299,27.68
1164,3782.8800,588.0030,27.68
1165,3782.8800,589.1690,27.68
1166,3782.8800,589.4878,27.68
1167,3782.8800,591.1809,27.68
1168,3782.8800,592.0906,27.68
1169,3782.8800,592.6419,27.68
1170,3782.8800,592.7124,27.68
1171,3782.8800,594.0219,27.68
1172,3782.8800,594.3377,27.68
1173,3782.8800,596.0603,27.68
1174,3782.8800,595.7515,27.68
1175,3782.8800,595.8438,27.68
1176,3782.8800,596.0360,27.68
1177,3782.8800,596.5930,27.68
1178,3782.8800,598.1075,27.68
1179,3782.8800,598.9429,27.68
1180,3782.8800,600.4306,27.68
1181,3782.8800,600.7093,27.68
1182,3782.8800,601.2760,27.68
1183,3782.8800,601.8497,27.68
1184,3782.8800,601.9930,27.68
1185,3782.8800,603.1605,27.68
1186,3782.8800,603.3185,27.68
1187,3782.8800,602.6677,27.68
1188,3782.8800,603.3673,27.68
1189,3782.8800,603.4334,27.68
1190,3782.8800,605.3123,27.68
1191,3782.8800,605.7081,27.68
1192,3782.8800,606.1482,27.68
1193,3782.8800,606.2655,27.68
1194,3782.8800,606.3100,27.68
1195,3782.8800,606.4845,27.68
1196,3782.8800,606.5836,27.68
1197,3782.8800,606.6159,27.68
1198,3782.8800,606.6421,27.68
1199,3782.8800,607.4824,27.68
1200,3782.8800,607.5750,27.68
1200,3782.8800,607.5750,27.68
1201,3782.8800,608.3525,27.68
1202,3782.8800,608.2136,27.68
1203,3782.8800,608.3795,27.68
1204,3782.8800,608.5554,27.68
1205,3782.8800,608.8872,27.68
1206,3782.8800,608.9181,27.68
1207,3782.8800,610.3668,27.68
1208,3782.8800,610.9900,18.67
1209,3782.8800,611.7117,18.67
1210,3782.8800,611.2873,18.67
1211,3782.8800,611.0206,18.67
1212,3782.8800,612.2809,18.67
1213,3782.8800,611.4528,18.67
1214,3782.8800,611.9973,18.67
1215,3782.8800,614.7692,18.67
1216,3782.8800,613.9558,18.67
1217,3782.8800,615.1004,18.67
1218,3782.8800,614.7484,18.67
1219,3782.8800,616.3164,18.67
1220,3782.8800,616.7219,18.67
1221,3782.8800,616.2659,18.67
1222,3782.8800,616.2819,18.67
1223,3782.8800,617.2084,18.67
1224,3782.8800,617.4705,18.67
1225,3782.8800,619.1794,18.67
1226,3782.8800,619.3007,18.67
1227,3782.8800,619.3559,18.67
1228,3782.8800,619.6624,18.67
1229,3782.8800,620.4669,18.67
1230,3782.8800,621.7121,18.67
1231,3782.8800,621.7247,18.67
1232,3782.8800,621.8442,18.67
1233,3782.8800,623.6707,18.67
1234,3782.8800,624.3461,18.67
1235,3782.8800,625.0279,18.67
1236,3782.8800,626.4097,18.67
1237,3782.8800,626.5265,18.67
1238,3782.8800,626.8657,18.67
1239,3782.8800,626.9829,18.67
1240,3782.8800,627.1225,18.67
1241,3782.8800,627.1298,18.67
1242,4472.1812,628.4554,18.67
1243,4472.1812,629.6956,18.67
1244,4472.1812,630.5085,18.67
1245,4472.1812,630.8048,18.67
1246,4472.1812,631.5031,18.67
1247,4472.1812,631.9715,18.67
1248,4472.1812,631.2078,18.67
1249,4472.1812,632.1645,18.67
1250,4472.1812,632.9769,18.67
1251,4472.1812,633.7746,18.67
1252,4472.1812,634.3329,18.67
1253,4472.1812,633.8897,18.67
1254,4472.1812,634.6724,18.67
1255,4472.1812,635.0131,18.67
1256,4472.1812,635.5340,18.67
1257,4472.1812,636.4835,18.67
1258,4472.1812,636.2268,18.67
1259,4472.1812,635.6275,18.67
1260,4472.1812,636.9448,18.67
1261,4472.1812,637.0074,18.67
1262,4472.1812,637.2039,18.67
1263,4472.1812,638.2299,18.67
1264,4472.1812,639.3602,18.67
1265,4472.1812,640.0142,18.67
1266,4472.1812,641.4002,18.67
1267,4472.1812,642.0174,18.67
1268,4472.1812,642.3602,18.67
1269,4472.1812,643.5468,18.67
1270,4472.1812,644.1641,18.67
1271,4472.1812,644.4673,18.67
1272,4472.1812,644.7903,54.27
1273,4472.1812,644.9034,54.27
1274,4472.1812,644.1161,54.27
1275,4472.1812,643.5915,54.27
1276,4472.1812,644.7771,54.27
1277,4472.1812,644.7214,54.27
1278,4472.1812,645.3306,54.27
1279,4472.1812,645.4722,54.27
1280,4472.1812,646.0021,54.27
1281,4472.1812,646.1223,54.27
1282,4472.1812,646.6789,54.27
1283,4472.1812,645.8435,54.27
1284,4472.1812,646.6853,54.27
1285,4472.1812,646.8869,54.27
1286,4472.1812,647.4072,54.27
1287,4472.1812,647.4373,54.27
1288,4472.1812,647.7226,54.27
1289,4472.1812,648.7197,54.27
1290,4472.1812,648.7760,54.27
1291,4472.1812,648.8755,54.27
1292,4472.1812,648.8819,54.27
1293,4472.1812,650.2451,54.27
1294,4472.1812,650.8055,54.27
1295,4472.1812,651.6707,54.27
1296,4472.1812,651.8708,54.27
1297,4472.1812,651.9905,54.27
1298,4472.1812,652.8013,54.27
1299,4472.1812,653.2117,54.27
1300,4472.1812,654.5081,54.27
1300,4472.1812,654.5081,54.27
1301,4472.1812,655.1307,54.27
1302,4472.1812,654.2936,54.27
1303,4472.1812,653.8181,54.27
1304,4472.1812,653.8402,54.27
1305,4472.1812,654.7736,54.27
1306,4472.1812,655.3189,54.27
1307,4472.1812,655.3341,54.27
1308,4472.1812,655.4726,18.67
1309,4472.1812,656.2715,18.67
1310,4472.1812,656.4312,18.67
1311,4472.1812,656.7371,18.67
1312,4472.1812,658.1183,18.67
1313,4472.1812,659.4455,18.67
1314,4472.1812,660.6368,18.67
1315,4472.1812,661.6752,18.67
1316,4472.1812,661.8655,18.67
1317,4472.1812,662.0594,18.67
1318,4472.1812,663.0703,18.67
1319,4472.1812,661.4871,18.67
1320,4472.1812,661.7169,18.67
1321,4472.1812,661.8877,18.67
1322,4472.1812,661.9323,18.67
1323,4472.1812,663.1988,18.67
1324,4472.1812,663.3816,18.67
1325,4472.1812,662.9969,18.67
1326,4472.1812,663.3936,18.67
1327,4472.1812,663.6020,18.67
1328,4472.1812,664.5805,18.67
1329,4472.1812,664.9674,18.67
1330,4472.1812,665.3754,18.67
1331,4472.1812,653.5644,18.67
1332,4472.1812,653.7270,18.67
1333,4472.1812,653.7525,18.67
1334,4472.1812,655.0757,18.67
1335,4472.1812,655.6448,18.67
1336,4472.1812,655.7420,18.67
1337,4472.1812,656.3303,18.67
1338,4472.1812,656.3085,18.67
1339,4472.1812,656.6709,18.67
1340,4472.1812,657.2569,18.67
1341,4472.1812,658.0519,18.67
1342,4472.1812,659.1321,18.67
1343,4472.1812,660.7797,18.67
1344,4472.1812,661.0451,18.67
1345,4472.1812,660.2260,18.67
1346,4472.1812,660.9918,18.67
1347,4472.1812,660.7914,18.67
1348,4472.1812,661.5160,18.67
1349,4472.1812,661.8243,18.67
1350,4472.1812,663.2848,18.67
1351,4472.1812,663.7125,18.67
1352,4472.1812,662.8946,18.67
1353,4472.1812,663.3903,18.67
1354,4472.1812,664.2035,18.67
1355,4472.1812,664.6340,18.67
1356,4472.1812,666.0121,18.67
1357,4472.1812,666.9686,18.67
1358,4472.1812,667.1403,18.67
1359,4472.1812,668.0209,18.67
1360,4472.1812,668.2158,18.67
1361,4472.1812,668.1710,18.67
1362,4472.1812,668.3688,18.67
1363,4472.1812,669.1756,18.67
1364,4472.1812,669.8671,18.67
1365,4472.1812,670.6953,18.67
1366,4472.1812,671.0185,18.67
1367,4472.1812,671.6851,18.67
1368,4472.1812,671.8072,18.67
1369,4472.1812,671.6102,18.67
1370,4472.1812,672.1644,18.67
1371,4472.1812,672.9088,18.67
1372,4472.1812,673.1251,18.67
1373,4472.1812,672.6828,18.67
1374,4472.1812,673.1617,18.67
1375,4472.1812,673.4113,18.67
1376,4472.1812,673.3810,18.67
1377,4472.1812,674.1056,18.67
1378,4472.1812,673.2906,18.67
1379,4472.1812,674.3144,18.67
1380,4472.1812,674.6038,18.67
1381,4472.1812,674.3668,18.67
1382,4472.1812,675.8230,18.67
1383,4472.1812,664.4294,18.67
1384,4472.1812,665.4499,18.67
1385,4472.1812,665.4973,18.67
1386,4472.1812,665.5108,18.67
1387,4472.1812,665.7286,18.67
1388,4472.1812,666.3564,18.67
1389,4472.1812,666.1937,18.67
1390,4472.1812,667.4530,18.67
1391,4472.1812,668.2287,18.67
1392,4472.1812,668.5058,18.67
1393,4472.1812,669.5181,18.67
1394,4472.1812,669.6092,18.67
1395,4472.1812,669.3867,18.67
1396,4472.1812,669.8618,18.67
1397,4472.1812,670.4638,18.67
1398,4472.1812,671.3511,18.67
1399,4472.1812,671.8077,18.67
1400,4472.1812,672.1361,18.67
1400,4472.1812,672.1361,18.67
1401,4472.1812,672.6316,18.67
1402,4472.1812,673.3496,18.67
1403,4472.1812,673.4608,18.67
1404,4472.1812,673.7954,18.67
1405,4472.1812,674.4770,18.67
1406,4472.1812,675.5990,18.67
1407,4472.1812,675.5569,18.67
1408,4472.1812,675.7802,18.67
1409,4472.1812,676.9777,18.67
1410,4472.1812,677.1589,18.67
1411,4472.1812,677.7896,18.67
1412,4472.1812,678.1332,18.67
1413,4472.1812,678.4568,18.67
1414,4472.1812,678.5924,18.67
1415,4472.1812,678.9298,18.67
1416,4472.1812,680.4426,18.67
1417,4472.1812,681.5414,18.67
1418,4472.1812,681.9212,18.67
1419,4472.1812,682.9437,18.67
1420,4472.1812,683.0204,18.67
1421,4472.1812,682.1653,18.67
1422,4472.1812,682.2672,18.67
1423,4472.1812,683.2488,18.67
1424,4472.1812,683.6130,18.67
1425,4472.1812,684.2631,18.67
1426,4472.1812,685.4413,18.67
1427,4472.1812,685.7034,18.67
1428,4472.1812,685.4176,18.67
1429,4472.1812,686.8816,18.67
1430,4472.1812,689.1191,18.67
1431,4472.1812,689.7360,18.67
1432,4472.1812,689.8276,18.67
1433,4472.1812,689.8323,18.67
1434,4472.1812,689.9154,18.67
1435,4472.1812,690.6650,18.67
1436,4472.1812,690.6786,18.67
1437,4472.1812,691.2506,18.67
1438,4472.1812,692.0253,18.67
1439,4472.1812,693.7977,18.67
1440,4472.1812,693.9364,18.67
1441,4472.1812,693.9497,18.67
1442,4472.1812,694.0504,18.67
1443,4472.1812,694.0740,18.67
1444,4472.1812,694.8428,18.67
1445,4472.1812,694.3970,18.67
1446,4472.1812,695.4191,18.67
1447,4472.1812,695.1044,18.67
1448,4472.1812,695.6550,18.67
1449,4472.1812,695.8079,18.67
1450,4472.1812,696.1881,18.67
1451,4472.1812,696.5855,18.67
1452,4472.1812,696.5208,18.67
1453,4472.1812,696.8414,18.67
1454,4472.1812,696.4503,18.67
1455,4472.1812,696.9139,18.67
1456,4472.1812,697.5700,18.67
1457,4472.1812,697.6859,18.67
1458,4472.1812,697.7153,18.67
1459,4472.1812,697.8143,18.67
1460,4472.1812,697.9616,18.67
1461,4472.1812,698.6639,18.67
1462,4472.1812,698.3081,18.67
1463,4472.1812,698.5340,18.67
1464,4472.1812,698.5476,18.67
1465,4472.1812,698.8394,18.67
1466,4472.1812,699.2838,18.67
1467,4472.1812,699.4700,18.67
1468,4472.1812,699.7655,18.67
1469,4472.1812,700.2324,18.67
1470,4472.1812,700.3751,41.50
1471,4472.1812,700.8686,41.50
1472,4472.1812,701.4416,41.50
1473,4472.1812,702.0963,41.50
1474,4472.1812,702.8650,41.50
1475,4472.1812,703.7461,41.50
1476,4472.1812,704.1010,41.50
1477,4472.1812,704.1757,41.50
1478,4472.1812,703.5234,41.50
1479,4472.1812,703.8795,41.50
1480,4472.1812,703.9237,41.50
1481,4472.1812,704.2351,41.50
1482,4472.1812,704.7293,41.50
1483,4472.1812,706.0241,41.50
1484,4472.1812,707.1352,41.50
1485,4472.1812,707.8236,41.50
1486,4472.1812,708.0248,41.50
1487,4472.1812,708.4139,41.50
1488,4472.1812,708.9103,41.50
1489,4472.1812,708.6261,41.50
1490,4472.1812,709.0221,41.50
1491,4472.1812,709.9894,41.50
1492,4472.1812,710.6602,41.50
1493,4472.1812,710.9943,41.50
1494,4472.1812,711.3034,41.50
1495,4472.1812,712.0494,41.50
1496,4472.1812,712.5778,41.50
1497,4472.1812,713.3501,41.50
1498,4472.1812,713.5097,41.50
1499,4472.1812,713.8498,41.50
1500,4472.1812,715.3151,41.50
1500,4472.1812,715.3151,41.50
1501,4472.1812,715.2721,41.50
1502,4472.1812,714.7334,41.50
1503,4472.1812,715.3246,41.50
1504,4472.1812,716.1033,41.50
1505,4472.1812,716.7782,41.50
1506,4472.1812,716.9094,41.50
1507,4472.1812,717.5638,41.50
1508,4472.1812,718.8736,41.50
1509,4472.1812,719.3244,41.50
1510,4472.1812,720.1599,41.50
1511,4472.1812,719.5047,41.50
1512,4472.1812,720.2468,41.50
1513,4472.1812,720.4494,41.50
1514,4472.1812,720.6141,41.50
1515,4472.1812,720.4342,41.50
1516,4472.1812,720.0014,41.50
1517,4472.1812,720.1168,41.50
1518,4472.1812,720.1488,41.50
1519,4472.1812,720.0521,41.50
1520,4472.1812,721.4292,41.50
1521,4472.1812,722.1784,41.50
1522,4472.1812,722.6870,41.50
1523,4472.1812,722.7203,41.50
1524,4472.1812,723.4996,41.50
1525,4472.1812,723.4950,41.50
1526,4472.1812,724.4574,41.50
1527,4472.1812,725.8899,41.50
1528,4472.1812,726.7508,41.50
1529,4472.1812,727.0527,41.50
1530,4472.1812,727.6203,41.50
1531,4472.1812,728.5937,41.50
1532,4472.1812,729.2704,41.50
1533,4472.1812,730.0147,41.50
1534,4472.1812,730.5600,41.50
1535,4472.1812,731.4108,41.50
1536,4472.1812,731.4177,41.50
1537,4472.1812,721.2458,41.50
1538,4472.1812,722.2661,41.50
1539,4472.1812,722.7028,41.50
1540,4472.1812,722.7728,41.50
1541,4472.1812,722.8536,41.50
1542,4472.1812,724.2646,41.50
1543,4472.1812,724.4880,41.50
1544,4472.1812,725.3051,41.50
1545,4472.1812,725.4545,41.50
1546,4472.1812,726.4792,41.50
1547,4472.1812,727.4982,41.50
1548,4472.1812,727.5581,41.50
1549,4472.1812,728.3613,41.50
1550,4472.1812,728.5725,41.50
1551,4472.1812,728.7484,41.50
1552,4472.1812,728.6876,41.50
1553,4472.1812,729.0564,41.50
1554,4472.1812,729.1326,43.77
1555,4472.1812,729.6284,43.77
1556,4472.1812,730.2054,43.77
1557,4472.1812,729.7301,43.77
1558,4472.1812,729.7452,43.77
1559,4472.1812,730.8263,43.77
1560,4472.1812,730.7034,43.77
1561,4472.1812,730.7533,43.77
1562,4472.1812,730.7342,43.77
1563,4472.1812,731.7638,43.77
1564,4472.1812,732.3836,43.77
1565,4472.1812,732.5559,43.77
1566,4472.1812,733.4516,43.77
1567,4472.1812,734.2132,43.77
1568,4472.1812,733.8268,43.77
1569,4472.1812,734.6381,43.77
1570,4472.1812,734.8463,43.77
1571,4472.1812,735.1526,43.77
1572,4472.1812,735.5341,43.77
1573,4472.1812,735.5375,43.77
1574,4472.1812,736.2185,43.77
1575,4472.1812,735.4595,43.77
1576,4472.1812,735.5730,43.77
1577,4472.1812,736.3128,43.77
1578,4472.1812,736.9092,43.77
1579,4472.1812,738.2589,43.77
1580,4472.1812,738.5223,43.77
1581,4472.1812,738.5332,43.77
1582,4472.1812,738.5195,43.77
1583,4472.1812,739.2457,43.77
1584,4472.1812,739.3615,43.77
1585,4472.1812,739.5701,43.77
1586,4472.1812,740.8638,43.77
1587,4472.1812,741.0854,43.77
1588,4472.1812,741.7586,43.77
1589,4472.1812,742.0094,43.77
1590,4472.1812,742.0099,43.77
1591,4472.1812,742.5937,43.77
1592,4472.1812,742.6480,43.77
1593,4472.1812,743.4339,43.77
1594,4472.1812,744.6540,43.77
1595,4472.1812,744.7022,43.77
1596,4472.1812,745.0974,43.77
1597,4472.1812,745.2582,43.77
1598,4472.1812,745.8482,43.77
1599,4472.1812,747.4964,43.77
1600,4472.1812,748.0184,43.77
1600,4472.1812,748.0184,43.77
1601,4472.1812,748.8391,43.77
1602,4472.1812,748.9536,43.77
1603,4472.1812,749.2206,43.77
1604,4472.1812,749.5913,43.77
1605,4472.1812,750.3565,43.77
1606,4472.1812,751.0264,43.77
1607,4472.1812,751.1753,43.77
1608,4472.1812,751.9743,43.77
1609,4472.1812,751.6372,43.77
1610,4472.1812,752.0584,43.77
1611,4472.1812,752.5164,43.77
1612,4472.1812,752.8470,43.77
1613,4472.1812,752.8813,43.77
1614,4472.1812,753.3448,43.77
1615,4472.1812,752.9605,43.77
1616,4472.1812,752.5374,43.77
1617,4472.1812,752.2833,43.77
1618,4472.1812,752.5340,43.77
1619,4472.1812,752.6081,43.77
1620,4472.1812,751.7368,43.77
1621,4472.1812,751.4378,43.77
1622,4472.1812,751.5992,36.15
1623,4472.1812,752.0146,36.15
1624,4472.1812,752.2671,36.15
1625,4472.1812,752.3889,36.15
1626,4472.1812,752.6149,36.15
1627,4472.1812,753.2301,36.15
1628,4472.1812,753.9641,36.15
1629,4472.1812,753.7965,36.15
1630,4472.1812,754.0607,36.15
1631,4472.1812,754.1595,36.15
1632,4472.1812,754.7966,36.15
1633,4472.1812,755.3545,36.15
1634,4472.1812,755.8012,36.15
1635,4472.1812,756.2574,36.15
1636,4472.1812,757.0389,36.15
1637,4472.1812,756.6438,36.15
1638,4472.1812,756.6440,36.15
1639,4472.1812,756.6520,36.15
1640,4472.1812,755.9076,36.15
1641,4472.1812,755.9769,36.15
1642,4472.1812,755.1134,36.15
1643,4472.1812,755.6665,36.15
1644,4472.1812,755.6947,36.15
1645,4472.1812,754.9531,36.15
1646,4472.1812,755.4306,36.15
1647,4472.1812,755.9632,36.15
1648,4472.1812,756.2721,36.15
1649,4472.1812,756.6113,36.15
1650,4472.1812,755.6274,36.15
1651,4472.1812,755.6762,36.15
1652,4472.1812,755.9053,36.15
1653,4472.1812,756.0065,36.15
1654,4472.1812,756.5686,36.15
1655,4472.1812,756.5648,36.15
1656,4472.1812,756.5798,36.15
1657,4472.1812,756.6430,36.15
1658,4472.1812,756.3538,36.15
1659,4472.1812,756.3489,36.15
1660,4472.1812,756.7987,36.15
1661,4472.1812,756.0639,36.15
1662,4472.1812,756.4127,36.15
1663,4472.1812,756.4990,36.15
1664,4472.1812,757.3880,36.15
1665,4472.1812,757.5411,36.15
1666,4472.1812,757.9361,36.15
1667,4472.1812,759.1035,36.15
1668,4472.1812,759.1084,36.15
1669,4472.1812,758.4132,36.15
1670,4472.1812,759.0198,36.15
1671,4472.1812,757.7097,36.15
1672,4472.1812,758.2496,36.15
1673,4472.1812,758.3653,36.15
1674,4472.1812,758.3843,36.15
1675,4472.1812,758.3958,36.15
1676,4472.1812,758.5432,36.15
1677,4472.1812,759.1109,36.15
1678,4472.1812,758.7778,36.15
1679,4472.1812,759.3917,36.15
1680,4472.1812,759.6531,36.15
1681,4472.1812,759.3220,36.15
1682,4472.1812,759.3298,36.15
1683,4472.1812,759.5153,36.15
1684,4472.1812,759.8516,36.15
1685,4472.1812,760.7818,36.15
1686,4472.1812,760.8647,36.15
1687,4472.1812,761.5232,36.15
1688,4472.1812,760.7953,36.15
1689,4472.1812,760.9551,36.15
1690,4472.1812,760.9703,36.15
1691,4472.1812,760.6222,36.15
1692,4472.1812,760.8811,36.15
1693,4472.1812,762.4181,36.15
1694,4472.1812,762.5246,36.15
1695,4472.1812,763.0468,36.15
1696,4472.1812,764.2748,36.15
1697,4472.1812,764.6312,36.15
1698,4472.1812,764.1258,36.15
1699,4472.1812,765.6651,36.15
1700,4472.1812,766.4873,36.15
1700,4472.1812,766.4873,36.15
1701,4472.1812,766.6081,36.15
1702,4472.1812,767.1708,36.15
1703,4472.1812,767.9635,36.15
1704,4472.1812,768.1040,36.15
1705,4472.1812,768.0363,36.15
1706,4472.1812,768.0953,36.15
1707,4472.1812,768.0954,36.15
1708,4472.1812,769.0996,36.15
1709,4472.1812,768.6502,36.15
1710,4472.1812,768.5351,36.15
1711,4472.1812,769.0278,36.15
1712,4472.1812,769.9087,36.15
1713,4472.1812,769.9685,36.15
1714,4472.1812,771.1640,36.15
1715,4472.1812,771.5153,36.15
1716,4472.1812,772.0966,36.15
1717,4472.1812,772.2364,36.15
1718,4472.1812,772.8256,36.15
1719,4472.1812,772.9110,36.15
1720,4472.1812,773.7746,36.15
1721,4472.1812,774.6711,36.15
1722,4472.1812,774.9477,36.15
1723,4472.1812,775.4105,36.15
1724,4472.1812,776.1792,36.15
1725,4472.1812,776.1803,36.15
1726,4472.1812,776.1238,36.15
1727,4472.1812,776.1716,36.15
1728,4472.1812,777.1057,36.15
1729,4472.1812,778.0575,36.15
1730,4472.1812,779.1463,36.15
1731,4472.1812,779.5832,36.15
1732,4472.1812,779.3014,36.15
1733,4472.1812,778.5815,36.15
1734,4472.1812,778.5532,36.15
1735,4472.1812,778.4901,36.15
1736,4472.1812,778.1632,36.15
1737,4472.1812,778.2130,36.15
1738,4472.1812,779.1713,36.15
1739,4472.1812,779.4517,36.15
1740,4472.1812,780.3308,36.15
1741,4472.1812,780.7235,36.15
1742,4472.1812,780.7712,36.15
1743,4472.1812,781.0330,36.15
1744,4472.1812,780.5955,36.15
1745,4472.1812,781.7196,36.15
1746,4472.1812,782.5909,36.15
1747,4472.1812,782.3412,36.15
1748,4472.1812,782.8199,36.15
1749,4472.1812,782.9655,36.15
1750,4472.1812,783.3351,36.15
1751,4472.1812,783.0104,36.15
1752,4472.1812,783.6999,36.15
1753,4472.1812,785.0069,36.15
1754,4472.1812,784.2929,36.15
1755,4472.1812,784.2993,36.15
1756,4472.1812,785.5118,36.15
1757,4472.1812,785.9631,36.15
1758,4472.1812,785.6018,36.15
1759,4472.1812,785.5479,36.15
1760,4472.1812,784.8356,36.15
1761,4472.1812,784.8255,36.15
1762,4472.1812,785.0062,36.15
1763,4472.1812,785.0216,41.30
1764,4472.1812,785.7747,41.30
1765,4472.1812,786.2098,41.30
1766,4472.1812,786.3123,41.30
1767,4472.1812,786.1025,41.30
1768,4472.1812,785.3944,41.30
1769,4472.1812,785.6867,41.30
1770,4472.1812,786.4596,41.30
1771,4472.1812,787.0059,41.30
1772,4472.1812,787.2458,41.30
1773,4472.1812,787.9510,41.30
1774,4472.1812,788.4783,41.30
1775,4472.1812,789.2622,41.30
1776,4472.1812,789.3962,41.30
1777,4472.1812,789.8988,41.30
1778,4472.1812,790.2284,41.30
1779,4472.1812,791.4974,41.30
1780,4472.1812,792.2200,41.30
1781,4472.1812,792.8841,41.30
1782,4472.1812,792.9712,41.30
1783,4472.1812,792.2650,41.30
1784,4472.1812,792.6806,41.30
1785,4472.1812,791.9765,41.30
1786,4472.1812,792.3605,41.30
1787,4472.1812,792.4415,41.30
1788,4472.1812,792.0040,41.30
1789,4472.1812,792.3079,41.30
1790,4472.1812,791.9044,41.30
1791,4472.1812,792.4549,41.30
1792,4472.1812,792.2873,41.30
1793,4472.1812,792.6859,41.30
1794,4472.1812,792.6709,41.30
1795,4472.1812,793.1385,41.30
1796,4472.1812,793.1514,41.30
1797,4472.1812,793.5424,41.30
1798,4472.1812,793.1611,41.30
1799,4472.1812,793.6070,41.30
1800,4472.1812,794.3894,41.30
1800,4472.1812,794.3894,41.30
1801,4472.1812,795.0509,41.30
1802,4472.1812,786.5173,41.30
1803,4472.1812,786.6798,41.30
1804,4472.1812,787.5271,41.30
1805,4472.1812,787.1668,41.30
1806,4472.1812,787.1766,41.30
1807,4472.1812,787.8227,41.30
1808,4472.1812,788.1570,41.30
1809,4472.1812,789.1095,41.30
1810,4472.1812,780.6341,41.30
1811,4472.1812,780.7512,41.30
1812,4472.1812,780.8785,41.30
1813,4472.1812,780.9631,41.30
1814,4472.1812,781.2809,41.30
1815,4472.1812,781.2813,41.30
1816,4472.1812,782.1703,41.30
1817,4472.1812,783.0983,41.30
1818,4472.1812,783.3491,41.30
1819,4472.1812,783.2263,41.30
1820,4472.1812,783.2115,41.30
1821,4472.1812,783.3904,41.30
1822,4472.1812,784.2152,41.30
1823,4472.1812,784.1759,41.30
1824,4472.1812,784.4828,41.30
1825,4472.1812,785.2659,41.30
1826,4472.1812,784.8513,41.30
1827,4472.1812,783.8037,41.30
1828,4472.1812,784.4383,41.30
1829,4472.1812,784.4394,41.30
1830,4472.1812,785.2003,41.30
1831,4472.1812,785.2785,41.30
1832,4472.1812,785.0287,41.30
1833,4472.1812,785.3882,41.30
1834,4472.1812,786.5143,41.30
1835,4472.1812,787.1446,41.30
1836,4472.1812,786.7252,41.30
1837,4472.1812,786.7309,41.30
1838,4472.1812,787.6014,41.30
1839,4472.1812,787.7247,41.30
1840,4472.1812,788.2000,41.30
1841,4472.1812,787.9693,41.30
1842,4472.1812,786.9353,41.30
1843,4472.1812,787.9537,41.30
1844,4472.1812,788.4159,41.30
1845,4472.1812,788.8640,41.30
1846,4472.1812,789.6134,41.30
1847,4472.1812,788.9423,41.30
1848,4472.1812,788.9648,41.30
1849,4472.1812,788.8186,41.30
1850,4472.1812,789.8094,41.30
1851,4472.1812,790.4287,41.30
1852,4472.1812,790.9937,41.30
1853,4472.1812,790.4361,41.30
1854,4472.1812,789.7888,41.30
1855,4472.1812,790.9150,41.30
1856,4472.1812,791.3635,41.30
1857,4472.1812,791.3763,41.30
1858,4472.1812,791.6673,41.30
1859,4472.1812,791.6019,41.30
1860,4472.1812,791.6771,41.30
1861,4472.1812,791.9317,41.30
1862,4472.1812,791.7566,41.30
1863,4472.1812,792.9080,41.30
1864,4472.1812,793.4964,41.30
1865,4472.1812,793.7214,41.30
1866,4472.1812,794.6926,41.30
1867,4472.1812,795.2867,41.30
1868,4472.1812,795.3538,41.30
1869,4472.1812,795.5546,41.30
1870,4472.1812,795.5119,41.30
1871,4472.1812,795.5201,41.30
1872,4472.1812,795.6085,41.30
1873,4472.1812,795.7629,41.30
1874,4472.1812,795.4977,41.30
1875,4472.1812,795.8919,41.30
1876,4472.1812,795.9765,41.30
1877,4472.1812,795.6192,41.30
1878,4472.1812,796.1684,41.30
1879,4472.1812,796.6566,41.30
1880,4472.1812,796.7314,41.30
1881,4472.1812,797.4313,41.30
1882,4472.1812,797.2838,41.30
1883,4472.1812,797.2900,41.30
1884,4472.1812,797.2930,41.30
1885,4472.1812,797.5034,41.30
1886,4472.1812,796.8417,41.30
1887,4472.1812,796.8489,41.30
1888,4472.1812,796.9663,41.30
1889,4472.1812,796.5435,41.30
1890,4472.1812,796.8028,41.30
1891,4472.1812,797.5203,41.30
1892,4472.1812,797.5087,41.30
1893,4472.1812,798.0918,41.30
1894,4472.1812,799.1286,41.30
1895,4472.1812,799.1691,41.30
1896,4472.1812,799.6821,41.30
1897,4472.1812,800.5135,41.30
1898,4472.1812,800.5895,41.30
1899,4472.1812,801.0922,41.30
1900,4472.1812,800.8168,41.30
1900,4472.1812,800.8168,41.30
1901,4472.1812,800.9392,41.30
1902,4472.1812,801.3314,41.30
1903,4472.1812,801.4476,41.30
1904,4472.1812,801.4788,41.30
1905,4472.1812,801.3684,41.30
1906,4472.1812,800.7140,41.30
1907,4472.1812,801.4795,41.30
1908,4472.1812,801.2689,41.30
1909,4472.1812,800.9791,41.30
1910,4472.1812,801.4591,41.30
1911,4472.1812,802.1315,41.30
1912,4472.1812,802.2648,41.30
1913,4472.1812,802.5922,41.30
1914,4472.1812,803.4442,41.30
1915,4472.1812,803.3343,41.30
1916,4472.1812,804.4493,41.30
1917,4472.1812,804.5197,41.30
1918,4472.1812,803.5162,41.30
1919,4472.1812,803.3111,41.30
1920,4472.1812,803.5373,41.30
1921,4472.1812,804.0661,41.30
1922,4472.1812,804.7735,41.30
1923,4472.1812,805.3492,41.30
1924,4472.1812,806.1964,41.30
1925,4472.1812,798.3431,41.30
1926,4472.1812,798.1338,41.30
1927,4472.1812,798.5922,41.30
1928,4472.1812,790.7615,41.30
1929,4472.1812,790.9725,41.30
1930,4472.1812,791.4868,41.30
1931,4472.1812,791.3366,41.30
1932,4472.1812,791.4108,41.30
1933,4472.1812,791.6380,41.30
1934,4472.1812,791.8399,41.30
1935,4472.1812,792.5584,41.30
1936,4472.1812,792.8636,41.30
1937,4472.1812,792.9609,41.30
1938,4472.1812,793.9829,41.30
1939,4472.1812,794.2758,41.30
1940,4472.1812,794.9908,41.30
1941,4472.1812,795.1087,41.30
1942,4472.1812,795.1302,41.30
1943,4472.1812,795.3647,41.30
1944,4472.1812,796.0035,41.30
1945,4472.1812,796.1529,41.30
1946,4472.1812,796.1632,41.30
1947,4472.1812,788.4240,41.30
1948,4472.1812,789.4672,41.30
1949,4472.1812,789.4410,41.30
1950,4472.1812,789.6640,41.30
1951,4472.1812,789.6824,41.30
1952,4472.1812,789.6843,41.30
1953,4472.1812,789.7647,41.30
1954,4472.1812,790.6321,41.30
1955,4472.1812,790.7666,41.30
1956,4472.1812,790.9721,41.30
1957,4472.1812,791.4470,41.30
1958,4472.1812,792.3868,41.30
1959,4472.1812,793.2215,41.30
1960,4472.1812,793.8207,41.30
1961,4472.1812,794.3703,41.30
1962,4472.1812,794.4817,41.30
1963,4472.1812,795.1634,41.30
1964,4472.1812,795.1721,41.30
1965,4472.1812,795.3223,41.30
1966,4472.1812,795.7714,41.30
1967,4472.1812,795.6438,41.30
1968,4472.1812,795.5388,41.30
1969,4472.1812,795.3466,41.30
1970,4472.1812,795.6050,41.30
1971,4472.1812,795.3745,41.30
1972,4472.1812,795.7106,41.30
1973,4472.1812,795.5941,41.30
1974,4472.1812,796.1489,41.30
1975,4472.1812,796.2381,41.30
1976,4472.1812,795.6154,41.30
1977,4472.1812,795.2710,41.30
1978,4472.1812,795.4544,41.30
1979,4472.1812,795.8772,41.30
1980,4472.1812,796.1052,41.30
1981,4472.1812,796.8352,41.30
1982,4472.1812,796.9031,41.30
1983,4472.1812,797.0583,41.30
1984,4472.1812,797.2371,41.30
1985,4472.1812,797.3522,41.30
1986,4472.1812,797.7194,41.30
1987,4472.1812,797.7452,41.30
1988,4472.1812,797.8939,41.30
1989,4472.1812,798.3036,41.30
1990,4472.1812,798.6025,41.30
1991,4472.1812,798.6366,41.30
1992,4472.1812,799.4790,41.30
1993,4472.1812,799.7931,41.30
1994,4472.1812,800.1989,41.30
1995,4472.1812,800.3428,41.30
1996,4472.1812,800.9418,41.30
1997,4472.1812,800.6850,41.30
1998,4472.1812,800.7962,41.30
1999,4472.1812,800.1783,41.30
2000,4472.1812,808.0079,41.30
2000,4472.1812,808.0079,41.30
