timestamp,score
1767956861.5568838,-767.4275005221473
1767956874.235177,-223.23375117480742
1767956876.3450816,-754.2924999986597
1767956878.3752599,-753.0225000019378
1767956880.341515,-752.781250017137
1767956882.3631244,-750.8162500233955
1767956884.3695405,-751.6025000272698
1767956886.385336,-753.5225000061102
1767956888.404046,-753.5225000061102
1767956890.4217637,-752.2625000204154
1767956892.4265275,-753.5399999944873
1767956894.443859,-754.7724999929972
1767956896.4617686,-754.0312500040241
1767956898.499069,-752.7987500055142
1767956900.5074856,-753.2462500140078
1767956902.5471938,-752.057500016541
1767956904.535065,-753.5399999944873
1767956906.560427,-753.5225000061102
1767956908.57935,-752.0575000165411
1767956910.6143045,-753.5675000210115
1767956912.6444297,-754.2637499950833
1767956914.665302,-753.0650000098356
1767956916.717215,-751.5862500159449
1767956918.70964,-753.5850000093885
1767956920.737722,-754.0937500073023
1767956922.793663,-754.0312500040241
1767956924.8007922,-751.7337500120707
1767956926.815327,-752.7987500055142
1767956928.8435652,-752.781250017137
1767956930.8592377,-752.5662500144549
1767956932.88496,-753.5225000061102
1767956934.9127183,-752.0575000165411
1767956936.930458,-752.7987500055141
1767956938.9528332,-753.5399999944873
1767956940.9687457,-754.5274999918051
1767956942.98987,-754.0312500040241
1767956945.026081,-753.5225000061102
1767956947.0536115,-751.3337500159449
1767956949.0903094,-754.711250003577
1767956951.1410477,-754.2637499950833
1767956953.138479,-753.307500003428
1767956955.1920288,-750.8337500117726
1767956957.1873686,-755.0337499876327
1767956959.2411573,-754.6224999935932
1767956961.2536497,-751.5575000123687
1767956963.2890937,-752.4750000010438
1767956965.3043046,-752.7987500055141
1767956967.3252034,-756.286249976606
1767956969.3641744,-753.5225000061102
1767956971.3822174,-753.962500002385
1767956973.413038,-751.3337500159449
1767956975.4507003,-756.6887499801823
1767956977.4585452,-751.7737500166901
1767956979.501729,-753.2987500143059
1767956981.5295837,-755.4524999925502
1767956983.5642405,-753.0675000168391
1767956985.6042404,-756.0099999697514
1767956988.597905,-424.19875058069664
1767956991.8369362,-753.9212499935933
1767956994.0839417,-223.23750117123114
1767956996.7100155,-753.9700000146038
1767956999.3803394,-753.5225000061102
1767957002.1357079,-753.6874999931463
1767957005.9642525,-753.0225000019379
1767957008.5065687,-753.5225000061102
1767957011.111731,-751.7612500213094
1767957013.6492224,-754.7562500184782
1767957016.2951524,-223.23500117361533
1767957019.6394699,-958.8050010348877
1767957022.4921565,-753.6162500204154
1767957025.0673804,-753.5225000061102
1767957028.9292123,-565.0537502145769
1767957031.4171288,-752.6050000134118
1767957033.8227718,-753.5850000093885
1767957036.7739062,-754.7737500068553
1767957039.3444521,-753.5675000210115
1767957041.9204357,-753.5225000061102
1767957044.5149667,-751.5400000239916
1767957047.100567,-755.0762500213094
1767957049.6895227,-752.0750000049181
1767957052.273905,-751.4737500233956
1767957054.855771,-752.2987500013418
1767957057.8001597,-753.9875000029809
1767957060.4491563,-223.64375105440604
1767957063.160167,-754.2637499950833
1767957065.82408,-86.49875002607705
1767957068.4365675,-754.3087500099846
1767957071.0158155,-755.4524999925501
1767957073.612323,-753.7387500104315
1767957076.1745684,-749.623750029654
1767957078.636586,-754.8175000078984
1767957081.1974623,-752.0750000049181
1767957083.790297,-753.9875000029809
1767957086.4464738,-86.72625002637508
1767957089.0761774,-752.781250017137
1767957091.6467736,-753.6787500093885
1767957094.2509916,-754.2637499950833
1767957096.8087919,-751.5400000239916
1767957099.4144363,-752.7987500055141
1767957101.9932039,-752.497500015051
1767957104.6077428,-753.5324999988086
1767957107.2493665,-750.8162500233956
1767957109.7906132,-752.0575000165411
1767957112.4026618,-751.5575000123687
1767957114.799641,-754.3087500099846
1767957117.2014718,-752.2987500013419
1767957119.7887895,-753.0200000135608
1767957122.3631914,-752.5600000183292
1767957125.3026507,-751.3337500159448
1767957127.8858442,-753.5225000061102
1767957130.4859145,-754.7724999929972
1767957133.0735912,-752.5225000134117
1767957135.6636214,-753.2462500140077
1767957138.171189,-223.64500105321395
1767957140.8065495,-223.41875105023368
1767957143.8732142,-752.7987500055142
1767957147.1048126,-183.324999844283
1767957150.8394992,-183.99124984309088
1767957154.089188,-183.7749998436869
1767957157.0524619,-183.54999984398495
1767957159.6423676,-223.6450010532139
1767957162.8656855,-183.324999844283
1767957166.6566896,-183.9999998433889
1767957169.4108558,-223.42125104784955
1767957172.6039047,-223.23625117242324
1767957175.1932418,-223.6450010532139
1767957178.011889,-223.64250105559813
1767957181.0621765,-753.307500003428
1767957183.7253747,-752.7987500055141
1767957186.3468704,-750.5325000213095
1767957188.9955778,-752.0750000049181
1767957192.0514717,-183.77499984368697
1767957194.7924788,-753.0225000019379
1767957197.6079826,-223.64250105559807
1767957200.54111,-753.0675000019379
1767957204.0876439,-506.3274991945924
1767957206.9418874,-752.781250017137
1767957209.6383972,-223.23625117242324
1767957212.2941906,-223.64375105440598
1767957214.9831734,-10000.0
1767957217.9875658,-754.5400000019379
1767957221.1005852,-87.18125002697113
1767957223.764666,-87.40375002071264
1767957226.8750904,471.4962499742263
1767957229.0454338,-753.5399999944873
1767957231.6877377,-754.2112499994047
1767957234.5838015,-753.5225000061102
1767957237.1796503,-751.351250004322
1767957239.9348028,-140.8000000654157
1767957242.4227104,-223.23625117242324
1767957245.1866643,-753.9875000029809
1767957248.3684924,61.71999992668698
1767957251.305633,-183.77499984368694
1767957254.158566,-223.23750117123114
1767957257.5292146,-223.23500117361533
1767957261.4130402,583.1125000356171
1767957263.9778638,-86.93625002726915
1767957267.059255,-87.19500002622608
1767957269.720383,-86.72625002637508
1767957272.4311666,-86.89125002756717
1767957275.9685416,-752.7987500055142
1767957278.6064556,-86.10625002458693
1767957281.2877052,-87.16375002756718
1767957284.305674,257.4787502321604
1767957287.9515429,464.4199999885386
1767957290.0102887,-86.89125002756717
1767957292.7664826,-87.43750002712015
1767957295.6370223,-754.3087500099846
1767957299.0628598,-752.7987500055141
1767957302.2467642,-568.3287500914934
1767957305.14626,-87.17875002712015
1767957307.8506744,-86.49875002607705
1767957311.0476694,-183.324999844283
1767957314.221744,-10000.0
1767957317.7520983,-183.9999998433889
1767957321.064515,-183.99749984353792
1767957326.452695,-183.99749984353792
1767957329.9927175,-178.52249993249785
1767957333.2396178,-183.54999984398495
1767957337.4090445,-183.324999844283
1767957341.2000315,-223.23750117123114
1767957345.3861737,-183.99749984353792
1767957348.705185,-183.99999984338893
1767957352.4529426,-183.324999844283
1767957356.114958,-183.54999984398495
1767957359.216399,-86.5212500175834
1767957362.3822448,-183.54999984398495
1767957365.66389,-183.324999844283
1767957370.7825925,-183.772499843836
1767957374.3748457,-183.324999844283
1767957378.1185467,-183.324999844283
1767957382.226952,-183.54999984398495
1767957385.5042973,-183.99749984353792
1767957388.7412584,-183.77499984368697
1767957392.7681544,-183.99749984353792
1767957396.1576397,-184.22249984323992
1767957399.5051315,-752.781250017137
1767957402.685642,-184.4474998429419
1767957405.4406352,-86.33375002488495
1767957408.5062146,-60.526250285651805
1767957411.501313,1092.1537498964485
1767957413.947163,-752.5662500144549
1767957416.9002647,-183.324999844283
1767957419.846078,-340.2775001281499
1767957422.5437522,-559.2025000971557
1767957425.146091,-767.0925000268224
1767957427.914149,-15.555000038148
1767957430.383529,-139.95375018760518
1767957432.968089,-349.2999999736247
1767957435.978387,-344.7224999301135
1767957438.6937807,-148.013750094622
1767957441.215609,-351.3187500500679
1767957444.2502637,-86.78875002548101
1767957447.0752118,-135.45375015854796
1767957449.7546537,-767.2149997884039
1767957452.5517154,130.93249991044246
1767957456.1379008,616.5550002336581
1767957459.1505198,574.7574999700562
1767957462.0266614,-351.33250015899523
1767957465.3969493,-134.70374998241613
1767957468.8275917,396.7449999505275
1767957471.5751817,804.0237498316176
1767957474.8542395,-183.772499843836
1767957478.4828055,1429.9712500201367
1767957480.6468976,-569.3625001864137
1767957482.925723,-134.40750018864827
1767957486.394232,-344.97499983504406
1767957489.0417807,-348.3624999736248
1767957491.7438116,-356.1075000929831
1767957495.8432932,1760.563750153804
1767957499.0890667,1612.9462499819865
1767957501.446056,585.2675001297979
1767957503.977247,-338.1137499582766
1767957507.9233923,937.4650000463529
1767957510.4891927,-431.6425000916437
1767957513.9567788,-183.7749998436869
1767957518.536299,-223.23625117242324
1767957522.7804158,793.2624999553032
1767957525.7597518,840.8224999451744
1767957528.6547825,-839.3799988254908
1767957531.340241,-230.02124991238261
1767957534.4591098,1094.183749922673
1767957536.684779,-571.0549999420348
1767957539.1401396,-563.4112501214447
1767957543.4131484,2500.157499848042
1767957545.287042,82.69124993890587
1767957547.7730517,-781.3500002154713
1767957551.880825,1495.5037500030032
1767957553.808213,-354.3475001585483
1767957556.4313605,-217.91125006690754
1767957559.5745633,-125.88875001192055
1767957563.5589879,310.7562499296787
1767957567.3446462,1326.293750032812
1767957569.7625754,-183.772499843836
1767957572.7743971,-365.5425000913434
1767957577.4503357,2048.7925003722307
1767957579.5700402,-146.3150000682463
1767957583.3763711,362.1937502685224
1767957585.8710706,-183.324999844283
1767957589.6473033,-184.2224998432399
1767957593.9556425,708.8675001175709
1767957596.961322,-247.36374993845965
1767957599.9998293,-555.4087500624361
1767957603.4888995,-257.8399999645376
1767957607.092459,1145.7037499825733
1767957611.2148166,2868.7662502259127
1767957612.7218719,-134.7312500716742
1767957616.0183425,-2.096249977351408
1767957618.6517696,-146.1800001859661
1767957621.3458548,-783.3049999690062
1767957623.981793,-773.1449998797482
1767957627.075938,257.362500176132
1767957630.1159685,-183.549999843985
1767957633.0929205,-215.83125015437744
1767957635.7445493,-140.58875006601176
1767957639.0245066,-194.15624973028906
1767957643.6223917,2111.810000083028
1767957646.2823994,850.2212500932907
1767957649.6259644,-1009.2212510287787
1767957653.1478229,-133.4887501350056
1767957657.1257548,-771.3887499071662
1767957660.9930453,999.8912501630282
1767957671.2231827,1582.8975005144032
1767957674.951245,2531.1912497715844
1767957677.862453,1144.946250103275
1767957681.8166509,2237.566250108351
1767957685.8453004,292.45625009387635
1767957688.0762146,-428.5775002142803
1767957691.7743847,1301.1050000079094
1767957695.1204047,283.50499999315053
1767957697.9028714,-183.99749984353792
1767957701.7695339,-183.54999984398495
1767957705.8647661,472.82375007927504
1767957709.2158334,1029.8825000536583
1767957712.557561,1020.121250245129
1767957715.3765895,191.4487499628953
1767957718.5285356,-61.04499995366007
1767957721.033477,198.73124986931597
1767957724.0344858,-767.0925000268224
1767957727.6074083,-183.324999844283
1767957731.2792733,-192.10374983787537
1767957735.8018713,838.7124999858504
1767957739.3838925,2110.9912499262764
1767957742.6196492,1331.290000195961
1767957745.0745602,-183.7749998436869
1767957748.3158998,-758.0924999383096
1767957752.354688,1169.9150001034243
1767957755.1242232,-843.8099988231068
1767957757.392749,-10000.0
1767957762.2570066,1351.6812500258018
1767957765.6584294,-200.88374987944962
1767957769.7361183,1558.1825001041777
1767957773.1479034,1156.6662500433724
1767957776.8618484,2030.6599998809586
1767957779.962791,1269.732500168396
1767957782.3471017,-86.10625002458693
1767957787.1079144,1902.9412498949634
1767957794.1487753,744.4450003440719
1767957795.9197338,-10000.0
1767957800.3107712,1114.8525000928423
1767957803.3450196,46.71500009804623
1767957809.296919,-141.94875006481962
1767957811.6963427,-223.23750117123114
1767957816.1518157,1705.5462499951075
1767957819.2043617,634.6225002752228
1767957822.8000274,289.8412504586548
1767957826.3507779,1133.5612500678167
1767957829.8353202,1550.71750010969
1767957833.4327374,-223.23625117242324
1767957837.8119557,-223.23500117361533
1767957842.2959218,1750.9199997186868
1767957844.3655996,-183.324999844283
1767957849.138923,1993.891250027887
1767957851.5294397,-183.324999844283
1767957856.349345,1148.9887504258854
1767957860.0697322,678.9100003871329
1767957863.859532,-183.772499843836
1767957867.513365,264.74249998986795
1767957874.4642448,1079.9850002433423
1767957876.9160428,-183.549999843985
1767957880.100111,-87.5562500290573
1767957883.821906,335.15000017299855
1767957887.836424,-183.77499984368697
1767957895.888975,1632.5912498837915
1767957899.6324582,1777.5087496942447
1767957903.0811691,1301.376250030114
1767957905.6306992,-183.324999844283
1767957910.0267158,1450.6137501882217
1767957913.5084977,1432.8312500122397
1767957916.8955996,422.0099999067161
1767957919.6724448,-183.54999984398498
1767957923.1648395,-90.73375001236805
1767957927.668995,2288.292499931035
1767957931.6404603,321.0025006061785
1767957934.4960153,-183.54999984398495
1767957938.3512933,-86.56125002518299
1767957942.1485562,-223.23750117123114
1767957946.4657934,1337.7650001976021
1767957949.8216238,1253.2412499745387
1767957952.630486,325.02124994412105
1767957957.340283,2310.0287498733746
1767957960.7806854,-223.23250117599952
1767957965.3740554,1718.5524998876688
1767957968.0068517,-33.709999967815364
1767957972.0326908,1164.4937502290409
1767957975.3410077,-183.549999843985
1767957979.8238082,1377.7375000953891
1767957982.5439193,63.11749986543985
1767957985.8976755,1178.5774999916616
1767957989.8915877,2369.7462499623052
1767957992.9489884,809.1437501683937
1767957995.9429624,549.4787498499494
1767957999.0842576,-86.74000002563002
1767958003.076495,589.6037501247221
1767958007.266394,1192.578750278361
1767958010.6474688,760.5525002510933
1767958014.6895208,1027.4500001218964
1767958017.8165405,1137.3937499740846
1767958021.4149497,1916.612500019549
1767958023.9052405,-75.66250000879427
1767958027.9583173,1837.0525000853952
1767958031.347266,-90.25125020176225
1767958034.879407,-102.56000000357903
1767958038.2873862,-183.549999843985
1767958042.783625,1816.3400000126755
1767958046.9833164,1697.2687501043197
1767958049.7704673,583.7637499821215
1767958052.907062,286.2575000163959
1767958056.7936802,1149.1324999077729
1767958059.8793883,184.8750000810615
1767958063.752816,1042.336249944577
1767958067.2456279,775.4462500724281
1767958070.5965931,-94.64249990448602
1767958074.5636485,1250.1925001041748
1767958078.1818578,1713.461249891842
1767958081.6288095,2268.625000015377
1767958084.3162775,-183.54999984398498
1767958088.777314,1300.5312500575287
1767958095.02321,712.4950001978935
1767958098.419062,588.8312501175785
1767958102.0993354,1100.5400000900145
1767958105.8916113,727.122500193125
1767958109.0971506,1601.0462498373013
1767958112.7121944,1789.441250016392
1767958116.5066528,1849.6750003108632
1767958119.6702583,1490.843749935051
1767958122.5890253,728.822499863056
1767958126.222736,907.9024998603763
1767958129.5544596,469.3400001576656
1767958132.4292078,192.17374996289624
1767958135.3959017,-183.77499984368694
1767958139.5327885,601.2537501949075
1767958143.22056,1362.7537502941611
1767958145.4182036,-86.1262500177324
1767958150.4725266,1789.7099999375707
1767958152.719501,153.2350000223489
1767958156.3189433,799.7762501120649
1767958159.4422526,835.4212498627678
1767958162.9839025,1565.4499999375817
1767958166.280035,1443.2737501052184
1767958169.234038,1025.4262502284419
1767958173.253498,588.3012500968605
1767958177.4071808,2180.8937498796413
1767958179.6367745,-354.8337499701976
1767958183.7541177,1961.1925001354793
1767958186.5166056,430.84124997108665
1767958189.802226,775.7537499977614
1767958193.6223154,1191.8037501366541
1767958202.8689232,1092.2475002820906
1767958206.9282944,2460.040000287759
1767958210.351254,1797.8662499638253
1767958213.2307198,425.0525002101016
1767958217.3609436,1442.3837499040549
1767958221.5734928,1312.891249727174
1767958224.7645109,818.2349999894266
1767958228.496503,1600.9787502569175
1767958231.5037735,823.2050002870016
1767958234.906834,1825.1037501177373
1767958238.9061935,81.13875003158951
1767958242.9630182,1649.0925000983657
1767958246.8634331,1805.8674998581653
1767958250.5401857,1238.8075005123146
1767958254.0546298,2443.263749787816
1767958257.5291655,1595.7087498650105
1767958260.4151144,607.0074999998507
1767958263.8499818,-87.61500002801422
1767958267.3119035,-13.73000015705934
1767958273.0848112,1277.6300000094075
1767958276.0323286,-183.549999843985
1767958280.4789176,1286.2537498744023
1767958282.8792443,-86.90500002682212
1767958286.963815,1486.0187500077636
1767958290.4026303,1149.9062500315986
1767958293.343063,-141.59500010013548
1767958297.0163615,-252.07625004246975
1767958301.3601742,2174.68750008971
1767958303.2968113,-86.95125002682212
1767958307.592854,1106.0399999921096
1767958311.2657418,1351.828750358835
1767958314.844509,1130.1050001362103
1767958318.762937,2354.8674999082023
1767958322.14755,1266.5600003765653
1767958324.6642807,-86.51250001922253
1767958328.8635836,1256.2699999274491
1767958332.3273726,1510.6049999821348
1767958335.6619024,1050.068749875436
1767958339.1742306,927.4550001850778
1767958342.4321332,850.9312501031188
1767958345.6497407,878.7000000773462
1767958348.3771613,-87.67625003054742
1767958352.6696122,1195.0087498539833
1767958355.7805018,572.8112498678249
1767958360.0911052,1247.9587503245643
1767958363.392941,898.4700001251731
1767958366.7792466,-183.324999844283
1767958371.0872676,1370.033749966195
1767958374.3835828,977.606249815087
1767958377.8935552,1646.5387500530712
1767958381.0704305,677.2049999557523
1767958384.5587306,1851.6524997730726
1767958387.9623861,547.4600004331862
1767958391.2167828,1389.9874998714101
1767958394.8757188,1352.4062498875123
1767958398.161033,1139.7200000514238
1767958401.2700746,1002.8674999947889
1767958405.3120954,1982.6037499629208
1767958408.828234,1159.7100004324425
1767958411.1367788,-87.22250002726915
1767958415.1713388,1546.2375000550014
1767958418.9196112,413.2812501248676
1767958422.6593196,1924.9050000544144
1767958425.1448817,-86.89125002756717
1767958430.0481484,1643.149999972005
1767958432.9506774,-766.1687499101464
1767958437.2009766,1367.4400004451077
1767958440.787546,1446.5975000195372
1767958444.1294515,242.0037499652798
1767958447.358812,383.07500061049643
1767958451.4266229,464.61125001445964
1767958454.8899868,979.5225001172818
1767958458.2128408,927.2962498466798
1767958462.161865,764.4300001168291
1767958465.5171204,1226.2500002178585
1767958469.0086951,1166.808750039047
1767958472.4557934,1122.1937502533253
1767958475.6699214,1468.8687501156478
1767958479.2844028,984.3424999199997
1767958482.4529915,1022.6025000310077
1767958485.8560953,416.5387503135171
1767958489.049261,1263.9674997775378
1767958492.6311705,910.8624998730505
1767958495.6769123,415.49874996439246
1767958499.6793776,1360.7487499676752
1767958503.583432,2092.3175000219007
1767958506.8736036,1198.3974999797417
1767958511.5491233,2321.675000128921
1767958515.106384,1207.2962499865953
1767958518.55555,-223.23625117242324
1767958523.1215644,2116.0062499331216
1767958526.1058435,1274.940000005827
1767958528.4612164,-183.324999844283
1767958532.8241103,1418.4137504074056
1767958535.439693,-86.55875002533199
1767958539.752259,2180.827499735794
1767958542.7835376,1005.790000152894
1767958546.667344,2491.8987500557373
1767958549.2338927,-87.17875002712015
1767958552.8023624,-87.40250002726916
1767958556.6661081,581.5299999441283
1767958559.8817377,611.9912499922523
1767958564.3227673,1771.4225001037296
1767958568.078655,752.4487498790154
1767958571.7450526,-183.76999984279286
1767958575.878187,909.0962500223588
1767958578.926969,205.29750034987487
1767958582.7532556,1108.277500002996
1767958586.0403624,1146.0150002390255
1767958588.5027497,-86.74000002563001
1767958592.5453622,258.2100001661444
1767958595.8541925,608.6287501038636
1767958598.5986333,-183.324999844283
1767958602.9663455,253.63375002234983
1767958606.0225215,-90.59625001221903
1767958609.97321,608.2850001673366
1767958613.520901,766.4074998878023
1767958616.8716457,215.27125030144924
1767958620.7429855,654.0625003266414
1767958624.6669672,978.2237501101245
1767958627.9356923,1005.1762498261132
1767958631.0346093,263.49624991297486
1767958635.477832,1101.9337501460484
1767958638.4448798,149.71250024869647
1767958642.2600162,1625.2287499551742
1767958646.0389132,220.70249985843824
1767958650.0195196,1734.558750041145
1767958653.1781447,1359.5912501242915
1767958656.5894597,1242.5987499216294
1767958659.434966,-200.67374982565644
1767958664.0614107,2005.2950000033002
1767958666.8675294,465.037500210704
1767958670.6740737,321.9812502990606
1767958675.256208,1579.9912501421727
1767958678.7811687,833.8037500605038
1767958682.1447303,323.3262498688663
1767958685.6305795,977.5150000038841
1767958689.0317862,1241.0875000082053
1767958692.3901281,820.35999996932
1767958696.19419,2592.6987498812287
1767958697.5569139,-10000.0
1767958702.0375516,943.7275001499183
1767958704.9091864,-981.8300009390744
1767958713.9304895,2051.2787501861117
1767958717.2928314,456.33000010594816
1767958722.0741832,2209.3725000928634
1767958724.8521569,355.600000368056
1767958729.764283,3271.8399997439847
1767958732.8365204,1756.3824999354997
1767958736.7808123,2295.5649998990884
1767958742.6620452,-86.89125002756717
1767958746.6457422,508.32750000238894
1767958750.2696369,1225.5474998301409
1767958753.0370026,24.37249997943339
1767958757.5246885,930.3100001126517
1767958760.8075674,1126.5450000493443
1767958765.591508,2389.829999808112
1767958767.7262533,288.86875002473187
1767958772.0062275,2118.8987501643815
1767958775.3187869,1798.2325000944925
1767958778.5010867,606.0637504038277
1767958782.1237357,1829.2150001751074
1767958785.1704495,557.1050001360533
1767958788.9722006,1343.0325002274067
1767958793.0446918,943.0362500062736
1767958795.766895,264.00999995693167
1767958799.5665276,-278.7662499775015
1767958803.1276796,-752.781250017137
1767958807.8088725,1872.9862503212892
1767958811.2171884,2400.3537499551735
1767958814.4173243,1929.6012499600934
1767958817.5838723,360.05750008537905
1767958821.2108676,575.0550002741867
1767958826.5671027,2020.3087501108712
1767958829.6130714,1326.409999887063
1767958833.419483,1719.5762498569643
1767958836.535019,606.803750173458
1767958840.139129,1973.4362500843642
1767958843.651666,2279.98374999405
1767958846.641951,411.1212503868363
1767958850.6280253,1334.5575002552764
1767958854.927475,3128.8975001302424
1767958857.340895,1730.575000360739
1767958860.5783203,769.6137499934503
1767958864.4440212,2865.3362498606502
1767958866.666745,27.296249988673072
1767958870.77401,906.377500081367
1767958874.1387117,-87.19250002026561
1767958878.6782625,1952.3025000122507
1767958880.3396451,-86.78875002548101
1767958884.7744925,856.0375000056698
1767958887.6381526,543.277500190439
1767958891.38448,-443.5162500336784
1767958895.4069684,1201.7024999394991
1767958899.6825795,1167.4212502999703
1767958903.6905022,1867.6762499547308
1767958906.21491,289.3537500987939
1767958909.7426648,2127.627500156294
1767958913.053203,656.5662498199995
1767958916.8531795,2457.712500228317
1767958919.452354,843.6024999077736
1767958923.0692453,1811.9550000721447
1767958926.087124,905.6262501071469
1767958928.2756715,-86.9537500266731
1767958932.893334,1641.819999971693
1767958936.8595266,1378.0787500326535
1767958940.2889678,1232.7037501153495
1767958943.6391995,898.4524999427829
1767958946.4172893,714.7987502686741
1767958949.9951377,1159.5037501137024
1767958953.6456757,356.3549999056785
1767958956.6405826,500.8275002188999
1767958959.2572968,-183.324999844283
1767958964.3116882,1331.5625000837513
1767958968.7888267,1455.13999994519
1767958972.183653,619.8487502466147
1767958975.7253668,1286.8450004413803
1767958979.6348634,1012.3674998289453
1767958983.0753875,449.04125026434104
1767958985.000428,-606.097499768883
1767958989.9183066,1777.4512498647164
1767958993.0014126,673.5162499924102
1767958996.3585312,802.1712502595813
1767959000.3101115,1619.6887504042807
1767959004.633301,2589.3875000563303
1767959007.4629905,1513.5412500330867
1767959011.1287,1579.687499980802
1767959012.6003065,-86.96750002592805
1767959015.8704894,-86.49875002607705
1767959020.274164,705.4637502247131
1767959024.2213814,1382.1275002928237
1767959027.3916519,1038.8100000557392
1767959031.6681695,1880.2762503810452
1767959034.4597733,899.9612499231129
1767959038.4190574,1673.4874998951254
1767959041.599043,779.1362500438167
1767959045.0529335,1887.281250253041
1767959048.2853775,1181.2475000692975
1767959051.797781,-165.59250008761893
1767959059.9131625,616.6387503236592
1767959062.3110447,-86.51250001922253
1767959066.802788,926.5150000421834
1767959070.6886127,1984.5187500494962
1767959075.2004242,3283.196249868621
1767959077.4220228,1279.7750001296502
1767959081.0136049,1204.7087497510104
1767959084.3531628,1725.5174996268884
1767959088.3447738,1564.2900000274312
1767959090.2379875,84.96625010624246
1767959093.8824713,1088.8849999518793
1767959097.1161156,-86.49875002607705
1767959099.6637702,-87.3125000175834
1767959104.1974921,1187.2487501753985
1767959107.080707,355.7212502142741
1767959110.9237292,613.715000029367
1767959114.979751,1709.5224999536713
1767959117.0003748,-751.5400000239915
1767959121.7058873,1620.474999795418
1767959124.1307178,-86.10625002458693
1767959129.3761206,2419.4337499894423
1767959132.7511868,1655.9812501122228
1767959135.0972507,-213.8437500669076
1767959139.281792,1069.4000003668798
1767959142.9684753,1155.7274999360802
1767959147.1858306,1247.5625001747972
1767959150.8085551,1509.0399998505632
1767959152.505744,-86.49875002607705
1767959156.90731,1403.9737502977382
1767959159.327549,-87.60500002816323
1767959163.3983684,906.2737502151786
1767959167.8949258,2171.4062499670836
1767959171.2277024,2034.6849998535363
1767959174.749886,1472.2375002865585
1767959176.5323927,-87.1187500278652
1767959181.5862088,1225.822500018173
1767959184.5599139,1046.190000316359
1767959188.3448863,1256.368750230687
1767959190.223433,-86.93625002726915
1767959195.1763465,1702.791250167512
1767959199.0577261,1440.042500242309
1767959201.8795724,568.4362497122572
1767959204.4357085,253.36749993726175
1767959208.0896416,1213.7624998852716
1767959212.6786163,1999.036249923271
1767959215.650634,607.7712501963956
1767959219.1959229,1753.469999773525
1767959222.3950334,1190.2024999155199
1767959225.812629,947.1837498311774
1767959228.9739082,687.7937498778088
1767959233.0760565,1599.416250105823
1767959238.0876124,2726.6937498610087
1767959240.2865305,447.4587499943348
1767959244.131298,1560.1675005325774
1767959246.6371698,201.99625007912155
1767959255.5926688,2437.496249930732
1767959258.6581278,777.9812500286148
1767959262.8866086,2282.5937501700528
1767959264.4952197,-87.40125002771619
1767959269.0289462,746.1287501287443
1767959273.036291,1836.1462502984916
1767959275.8599873,875.08500010029
1767959280.5775821,2977.0187497115508
1767959283.373686,1334.545000322619
1767959286.5432277,501.04875023484385
1767959288.639526,-86.33375002488495
1767959292.2378545,-87.57375002846126
1767959295.229214,-10000.0
1767959299.9499125,585.8224999298225
1767959302.727807,-87.1187500278652
1767959307.3542657,1168.0850001785282
1767959311.756653,1889.0750000089633
1767959314.7672675,1406.6987500904654
1767959317.555812,216.30750010162188
1767959321.2032495,1138.766250205796
1767959325.9493155,1813.61000003445
1767959330.2267342,2332.5774999748437
1767959336.9745178,1084.7137497788747
1767959340.6073065,353.0675001840244
1767959343.6980982,625.619999966921
1767959346.9729505,1191.0299997000525
1767959350.2212875,1382.4412498495167
1767959353.4868941,927.1350000232658
1767959356.5901132,656.4412501280069
1767959359.96045,1619.5187500949362
1767959363.2933764,547.233750128449
1767959367.0742474,-752.7987500055142
1767959371.451242,2271.666249786797
1767959374.4606004,1049.0312502150362
1767959377.2752085,-87.40625002741817
1767959380.4307597,-86.56125002518299
1767959384.475289,767.7274998542762
1767959387.0872757,-87.54250002905731
1767959392.1783133,715.1762500011962
1767959396.0092196,2000.2937501400247
1767959399.7366471,-1009.1612510286297
1767959404.0340555,1635.3899996860446
1767959406.7569127,624.8062502378168
1767959410.4258606,1637.868749813595
1767959413.8045006,1096.2737503585308
1767959417.4869304,1472.1937501473906
1767959420.7618291,1462.6887501233916
1767959424.072548,1804.5050001175885
1767959427.6693025,1518.3037500217747
1767959429.8218412,-86.73250001996757
1767959433.0578015,-348.3499999712406
1767959437.2776518,1680.059999924471
1767959440.3360171,796.1037501056559
1767959444.51784,1768.2550003926706
1767959447.917253,1730.2924999518914
1767959451.020927,764.4275003016057
1767959454.6546571,1362.886250195518
1767959458.1270533,933.0224999480022
1767959460.903348,-86.77125002607706
1767959465.076289,892.9937500307042
1767959468.7966435,1461.968749992424
1767959472.2276647,1285.4887499144818
1767959475.5819492,2136.9550000749755
1767959479.2980635,1604.7337500255032
1767959482.9757276,1690.4099999027112
1767959485.5238023,-86.74000002563002
1767959489.6206303,683.7300001348606
1767959494.1072202,695.7987499544179
1767959498.037093,1651.9712501113238
1767959500.7572894,-86.512500025332
1767959504.9869485,1334.7800001680944
1767959508.3458269,1105.426250115793
1767959511.3354828,-87.40375002756718
1767959515.283275,733.9800000874791
1767959518.905642,947.6587501472368
1767959522.3920412,1297.518750219362
1767959525.448448,433.7537501278597
1767959529.226841,914.8275003349781
1767959532.361775,1004.4587500205698
1767959535.9201581,1202.6637499675294
1767959539.5233364,1049.2487502354406
1767959543.1359231,1478.5562501303946
1767959546.9397354,850.0974998667958
1767959550.5031896,1115.2299999487507
1767959554.874059,2660.328749663256
1767959558.8005629,2327.648749898405
1767959561.4956532,337.0950003197862
1767959565.456191,1935.5987500880988
1767959568.9977202,1818.717500090755
1767959571.99353,1228.5287499956848
1767959574.7703218,-87.5562500290573
1767959579.850873,1458.7775002393241
1767959583.2072146,738.6624999214737
1767959587.5390794,2386.5874997954324
1767959590.8904092,1241.0625002883498
1767959594.6494114,783.6850002744856
1767959599.3004491,1657.4287500693056
1767959602.821096,1562.3200000615511
1767959607.0547452,995.5187499827243
1767959611.595269,1812.821249859955
1767959614.2998264,178.82749994605496
1767959618.2977126,886.0612500373984
1767959622.2559755,1986.5375002631786
1767959623.939661,-10000.0
1767959628.5750053,1585.7650000545532
1767959631.8011892,181.3512502689627
1767959635.6850786,1704.2137498319134
1767959639.1584284,1574.1537502047663
1767959642.5410447,1801.464999839677
1767959645.6891198,137.630000097897
1767959650.1669233,1412.8087499335575
1767959653.5330565,715.2150001372431
1767959656.5745032,-223.64500105321395
1767959661.121246,1218.271249853693
1767959664.5989945,1402.0162500475535
1767959668.6476805,1576.5962498600998
1767959671.9193385,571.9287504069508
1767959675.8601234,1618.9399999676846
1767959679.4559488,1166.411250307868
1767959682.265076,-33.245000023391505
1767959686.436097,1964.7887498952273
1767959690.0396469,997.6487500830068
1767959694.0042894,1588.1099998215038
1767959697.0134218,-753.5225000061102
1767959701.054629,855.4837499655841
1767959704.903444,1228.2112498337087
1767959708.02308,900.1112499547102
1767959712.5333822,1505.9837500517287
1767959716.7701695,1671.9625001271295
1767959720.3859046,1928.5300000617208
1767959729.602113,2031.5849999319246
1767959732.8996158,1481.457500017594
1767959736.7763257,726.4662499710955
1767959740.5886958,934.8637501707817
1767959744.6194544,1713.9587498553283
1767959748.0318317,1138.2650001457482
1767959751.7062626,1495.2762498727643
1767959755.7141933,2228.5062499927235
1767959759.1683202,1058.8587499076243
1767959762.2752435,867.0950001180342
1767959765.1587079,385.00375023752065
1767959769.1022017,1759.6725000834667
1767959772.633238,699.9087498609724
1767959776.6617956,1281.4687502737465
1767959780.533723,894.8874999249005
1767959783.4604006,443.83625013262133
1767959787.7996707,564.66750001
1767959792.230528,2580.8412499940728
1767959795.0506372,-86.10625002458693
1767959799.4719071,1679.6350000569437
1767959802.8141675,994.5112505240859
1767959806.2598073,1414.310000209383
1767959809.655229,1456.8125000666312
1767959812.9136298,860.0637498703676
1767959816.8335478,1504.2475003871575
1767959820.154486,232.37124994128726
1767959824.1240144,769.6250000458988
1767959827.207528,588.2787502305189
1767959830.8587275,568.0912499055294
1767959834.7271597,2215.2950000080787
1767959837.9994943,74.39499993577293
1767959842.046515,1328.2962503703097
1767959846.3265533,2896.3487496639764
1767959848.9749846,944.1287502613777
1767959852.3212233,448.5450000916409
1767959856.2756937,795.586249862027
1767959860.074607,1200.071250048592
1767959863.3013046,1047.7437498708157
1767959866.7295587,1176.7224998118145
1767959870.9788342,2035.9437498234515
1767959874.0518484,1095.1612500520118
1767959877.734734,1351.1775002417187
1767959881.532305,1636.0000002728552
1767959885.210462,1168.896250129795
1767959888.8725467,602.6750002428873
1767959892.4421868,2060.413750249176
1767959895.7895415,1657.6962498894536
1767959899.0784197,1235.5287498279067
1767959902.701105,1249.7825001204117
1767959905.5238752,-86.49875002607705
1767959910.7502868,968.7337501081872
1767959914.5728,1989.5800004565772
1767959918.0284326,1028.2187502490099
1767959922.0794663,2930.63875005294
1767959924.8313465,853.2825000020991
1767959928.4569163,1618.0299998647129
1767959932.7182817,2072.397499994039
1767959937.1406918,2925.817500099544
1767959941.0892205,1564.6962501208652
1767959944.1789675,1035.8600003345368
1767959947.94554,1914.3287500956892
1767959950.3068826,295.41624996780905
1767959953.9651806,1256.0625002177028
1767959957.1536994,437.01625002502914
1767959960.9605742,1508.6562501569308
1767959965.1674562,1716.6937498460861
1767959967.441105,-86.78625002563003
1767959971.5194025,844.0600004351163
1767959974.862106,813.6500003407862
1767959979.54615,1941.527499977962
1767959983.0770078,1307.2012498668023
1767959986.5084815,884.5099999615641
1767959990.3482592,1102.6649999353447
1767959994.9653878,1801.82250018778
1767959999.0364957,2216.7787500623244
1767960000.5881374,-86.33375002488495
1767960005.1953707,1684.9675001402416
1767960008.7141044,722.0550002966785
1767960011.5393746,945.5162502066933
1767960015.7682288,2123.0025006351075
1767960019.456083,1087.0337499931554
1767960022.7400634,973.9575001731542
1767960025.7503247,-223.23625117242324
1767960030.0172467,171.40000001743172
1767960033.3029454,697.8037503317067
1767960036.890412,930.3950001287525
1767960040.6847105,897.5199999892844
1767960044.3180668,1254.1462501867186
1767960048.2809727,1065.356250140378
1767960051.6941984,267.2300001429027
1767960055.355547,618.5162501253195
1767960058.0833988,-86.90000002026561
1767960062.2193995,1615.6149997994437
1767960065.8506567,1257.0912499910776
1767960069.1537404,677.242499853524
1767960072.534835,764.9862500353212
1767960077.8118734,1339.7699998380335
1767960080.9880912,-86.77125002607706
1767960085.596829,1296.8587500909184
1767960089.0374336,286.93499998315804
1767960092.4853723,489.52500034570437
1767960101.5452845,2714.717499866818
1767960105.0771918,1770.0362498538393
1767960108.2862308,-178.82124992921962
1767960113.044676,-223.64250105559813
1767960117.1456058,375.63000048920424
1767960120.7614985,428.9637502166591
1767960124.4582078,1160.168750098054
1767960128.518509,1494.204999759506
1767960132.346368,1753.6712499420523
1767960136.4056373,1367.5524998565163
1767960140.31525,1975.544999862933
1767960143.3982394,1205.9612499265465
1767960147.683763,1954.6287499466569
1767960150.9165494,1006.331249998367
1767960154.992883,1911.0987496106525
1767960158.960872,2524.5774999766063
1767960162.566732,1182.0487502460312
1767960165.2969992,31.443750290569163
1767960169.702696,1662.5537497513214
1767960173.3872871,1378.285000132786
1767960176.9014664,737.5025000876296
1767960180.5499241,-739.8099999994046
1767960185.1076396,989.4187501378394
1767960189.0189793,1398.8350002667423
1767960192.3037865,1341.198750146043
1767960194.3425908,-750.8162500233956
1767960198.8598773,1212.5425000411374
1767960202.576346,1000.0024998496586
1767960205.135808,-86.9537500266731
1767960209.8716173,1656.5937505276718
1767960213.559939,1050.496250366582
1767960217.4967415,898.8824998450352
1767960220.7383792,340.85499987766116
1767960224.3621185,786.8349998009282
1767960228.5187573,3329.580000187896
1767960231.1756194,705.2837500067088
1767960235.923154,1347.2325000064138
1767960239.5460827,1030.1950002780638
1767960243.0190797,1193.47999992804
1767960246.4759011,856.0312498675281
1767960249.553988,257.1062499131257
1767960254.251057,1942.222500143224
1767960256.9942434,-87.88625002846126
1767960261.3989084,2144.1649999337187
1767960264.7970312,1757.1962501508272
1767960267.7228127,759.7787499061285
1767960271.4768496,1957.1387500599244
1767960275.102134,1477.8974999797501
1767960278.764078,1143.0150001862717
1767960282.252518,1061.1400001204088
1767960286.1404808,1110.0200003281357
1767960289.4566019,542.2987503553907
1767960293.8008354,1951.2074998711282
1767960297.8074896,1666.5137499974899
1767960300.5466073,252.39375050082398
1767960304.1596704,253.6650001205512
1767960307.39221,114.76375014111554
1767960311.535542,1818.7137500240156
1767960314.4442317,1048.9075000362245
1767960319.1892269,740.957499734168
1767960322.8329241,752.0012498021181
1767960327.8321612,2149.6287499901873
1767960332.7553194,1868.4937500818203
1767960337.9132252,1866.7912498562218
1767960342.535404,2882.794999998837
1767960344.945004,504.50374998942596
1767960348.6791997,1574.433749828507
1767960352.4484577,1699.8387501642142
1767960355.8034573,1341.4624999024122
1767960359.4915462,1320.2987501029781
1767960362.762153,593.2962501056475
1767960367.5745785,423.5537501125089
1767960370.9616568,419.0312499290738
1767960374.7888865,1669.3637497684322
1767960378.4368274,1340.3524999727413
1767960381.5252352,916.8074998696233
1767960389.9221363,1716.8862499149395
1767960393.484747,1071.244999955604
1767960397.5812614,2048.878749964109
1767960401.4326963,1646.525000075273
1767960405.1100624,2224.571249873936
1767960408.485094,1374.8524999737915
1767960412.015445,522.3250002110078
1767960416.329847,1982.8574998820022
1767960420.8142817,1618.8350001618467
1767960423.7809587,1043.408750339162
1767960427.423293,273.22999981552886
1767960431.8126876,1927.3175000185038
1767960435.1951451,1672.8912500135848
1767960439.252633,1002.8400002914725
1767960443.8040206,3100.4075000491825
1767960446.9687164,1195.1862499764634
1767960450.958879,2182.064999620193
1767960455.6346228,1342.6699999553061
1767960458.9964714,1179.3574998854222
1767960463.0147915,1983.3437499058468
1767960466.457823,731.0549999919615
1767960468.988075,-87.40625002741817
1767960472.9722328,414.816249984655
1767960475.770375,-86.78625002563003
1767960480.2791798,561.3562502260494
1767960484.3469925,1355.2000001926892
1767960488.2312393,1387.9975001011894
1767960492.6180453,2616.965000037583
1767960495.4303114,722.2812499789943
1767960499.0490577,1262.3074998678262
1767960502.8479822,1236.946249887666
1767960507.2877917,3782.879999789738
1767960509.8602378,1634.0062503637525
1767960511.5851057,-86.77000002577903
1767960516.651254,1447.9000000464957
1767960519.2205553,-86.75750002607705
1767960523.5612667,1497.6237501439537
1767960527.428926,1686.6737498988266
1767960530.9686966,1779.483749979606
1767960533.9946096,381.99375012874725
1767960538.6198986,707.4112500338357
1767960542.8822882,2404.2674999092746
1767960546.1075182,1182.466250017743
1767960549.6750836,1141.7250000676627
1767960553.2805026,712.3725002133884
1767960556.6274638,577.5049997448922
1767960561.3674605,2599.085000197314
1767960563.7165003,-86.55875002533199
1767960568.5855837,2047.5762499606826
1767960572.5157318,1705.7812501834574
1767960575.878379,2135.45749970543
1767960578.1421928,-87.52500002861026
1767960582.4904947,1261.503749859036
1767960586.3494422,1683.17875003965
1767960590.5773458,1518.058750053507
1767960593.7991529,640.2337499561911
1767960597.2391932,474.83000014335596
1767960600.1956477,-86.33375002488495
1767960604.859824,2240.9537499913877
1767960607.7036874,-753.6787500093885
1767960612.1773868,1155.0849998638132
1767960615.1446538,-86.52125001758338
1767960619.7971816,1787.2825000898756
1767960622.3880239,-86.76250001713636
1767960626.320937,841.8149996779939
1767960629.925413,1321.7412502276995
1767960634.5254648,1880.7000001053668
1767960638.125646,840.807500136496
1767960641.0318053,332.8362498551576
1767960645.3685555,2288.4587499614304
1767960649.2060692,1772.0762501259298
1767960652.9264333,1137.1437499554581
1767960657.380271,2289.546249872626
1767960660.1059759,651.66875014544
1767960664.3760035,1734.6724999875028
1767960668.2130597,1209.2349998462273
1767960673.6508877,2259.5550001601814
1767960677.2215848,1291.211250306378
1767960682.2500892,2450.401250226501
1767960686.4855561,886.7650003647874
1767960690.0763013,1634.0150000246076
1767960691.4792216,-753.5225000061102
1767960696.978636,1955.2950000855512
1767960699.7850752,-92.15500010550497
1767960704.13726,1075.9037502345527
1767960708.3606904,1171.877500538232
1767960710.063804,-562.3425001209976
1767960714.8051276,1532.4062502360514
1767960718.3007908,1000.3799999782484
1767960722.6057198,1280.2124998855609
1767960727.3425052,2778.526249871592
1767960729.9650471,1138.767500033837
1767960734.2190673,1180.6325000925415
1767960737.8511453,633.0362498645579
1767960741.9082348,1439.212500015661
1767960746.7443082,2892.1312497893455
1767960746.866159,-87.3775000278652
1767960752.3803244,1225.932500314579
1767960755.4611614,1513.006249890196
1767960759.5049675,1117.0675000885258
1767960763.5740557,2403.670000147406
1767960765.5129397,61.82875000819331
1767960770.2120738,1188.0925000998457
1767960774.981953,2452.5637504202373
1767960778.0985866,1881.9949999787127
1767960781.5004802,479.7887501938661
1767960784.586981,1014.6637500681103
1767960789.1448083,1280.3024997927407
1767960793.2130492,1913.426249964854
1767960796.9473436,1242.7225002330683
1767960801.26676,1534.9625000065785
1767960803.7115762,-10000.0
1767960808.9046738,1249.9312497682974
1767960813.703954,2236.553750104195
1767960815.385049,-87.1187500278652
1767960820.2309513,496.9300005707113
1767960824.2645657,1292.0112500725809
1767960828.7906482,2207.2649998641305
1767960830.9829412,-86.72625002637508
1767960835.3153937,1008.3412500847946
1767960839.5915809,1401.3324999751317
1767960843.4911149,1058.8887502956409
1767960846.7587621,682.4462500201196
1767960849.9826243,489.3062501135415
1767960854.2947297,1244.4512499651516
1767960859.0364673,1347.835000239474
1767960862.1612349,31.895000026668413
1767960865.7199886,1963.677499944272
1767960869.3853402,668.9550004471797
1767960872.7673361,1413.8874997596597
1767960876.1279705,904.6287499766104
1767960880.9935524,1850.0900003119118
1767960883.854023,449.17124998345514
1767960888.2856972,1340.1262499965906
1767960890.9366732,-87.29750002831223
1767960895.5856006,1779.747499922385
1767960899.7876112,1533.6524999170167
1767960902.91035,848.006250317994
1767960906.5579488,1966.0274998556392
1767960910.8324764,1331.6750000088025
1767960914.125982,1041.3512499414442
1767960918.5239341,650.1912502524309
1767960922.6826084,1662.5950002591496
1767960926.774625,1656.8100001101361
1767960931.1995766,2003.455000316968
1767960933.7452624,343.12749999284625
1767960938.5541334,1415.737500085704
1767960941.863559,826.3299998573964
1767960946.3137558,1052.8200002414087
1767960951.618015,1839.9587499708164
1767960955.2607787,1284.8262502561608
1767960959.8084278,1823.302500077505
1767960963.919245,2156.725000346927
1767960966.5531495,1067.6887502379798
1767960970.8340108,1074.5500002613758
1767960974.219606,720.1712501108617
1767960977.9287195,1567.5937498431201
1767960982.8402488,2367.1787497602572
1767960983.6826608,64.46874986603919
1767960989.3091128,1182.5962503677772
1767960992.720938,436.8574999743654
1767961001.5871255,2162.907500070957
1767961005.034396,896.9400002171144
1767961007.8969653,277.831249948
1767961011.684758,534.2375004382402
1767961016.4575503,1887.0799998765
1767961020.0869036,751.2625003799866
1767961024.5361009,2239.091250209087
1767961027.3621852,633.4650000870299
1767961030.3393862,628.4137500171448
1767961034.2164311,1307.458749823882
1767961037.3393195,684.8525000858357
1767961041.4299958,1257.52124989481
1767961044.7262175,492.093750355251
1767961048.164413,2379.792499813164
1767961052.1309612,973.5849999465106
1767961055.259554,886.5800000238493
1767961059.7982488,2393.1387499414313
1767961064.030301,1824.3075000231154
1767961067.793031,1133.9150000138704
1767961072.1948261,1755.1750001630353
1767961074.9727376,254.8275001156288
1767961078.72951,386.7337502589811
1767961083.1340098,1673.3962500319062
1767961085.038795,-86.602500025481
1767961089.8590014,1071.5212499277486
1767961095.295239,2207.5799999982387
1767961097.4215174,-73.36749978706537
1767961101.430522,1583.4162500599202
1767961104.7854624,316.6287500304056
1767961109.0563517,1945.9400000151895
1767961112.9528546,960.9837499439839
1767961116.6051073,228.66999986469713
1767961120.8532586,987.2462500962732
1767961125.3571799,1405.6362502174295
1767961129.9065268,1929.0675002330797
1767961133.7840128,2075.186250256621
1767961138.0953746,2436.0587500036154
1767961140.4633846,666.4175002352965
1767961144.1982021,539.6212500278733
1767961145.9427202,-86.10625002458693
1767961151.5052743,1685.1212502314331
1767961155.493307,1492.1774996639924
1767961158.5073218,724.0362498995698
1767961162.5226588,2187.181249852509
1767961166.895345,1203.1624999538117
1767961170.7965045,1209.9962499493527
1767961175.0854824,1813.3724997462582
1767961178.2156205,726.9412501266622
1767961182.520617,918.9137500827095
1767961187.2507782,1757.866250255131
1767961190.6463118,662.6762499123864
1767961195.304833,1919.727500097928
1767961200.5245984,4472.181249843803
1767961202.4564037,981.6650004187177
1767961206.0125713,608.5725002047402
1767961209.8646047,789.6350000707896
1767961214.442924,2049.88000010269
1767961218.5396512,2611.284999970222
1767961220.455455,-27.036250030103314
1767961224.0550263,-183.54999984398498
1767961229.7815866,1334.100000140234
1767961232.4545858,410.37249997556256
1767961236.9613762,1122.608750236637
1767961241.2626147,250.97375030353928
1767961245.0327728,603.6637498636516
1767961248.5840082,1084.386249912533
1767961253.456657,1866.2512500062876
1767961257.4027512,1528.7824997861883
1767961260.2348366,414.1350002451239
1767961263.4938238,116.64250020235377
1767961268.445882,1779.0374999103165
1767961271.7797527,691.4187502932591
1767961276.1525364,2090.4575001737744
1767961279.2022996,1029.195000262565
1767961284.1794868,1621.567500138748
1767961288.1989663,1556.2512498609947
1767961293.1591377,1847.2300000311661
1767961296.075338,1442.1725007788937
1767961299.4149153,940.9974999238672
1767961302.6524775,893.072499974676
1767961306.8510184,1182.4612498861734
1767961310.8084676,1703.9675001344326
1767961314.6868753,778.8662499770546
1767961318.5005507,743.6287500608
1767961321.2603247,-43.94500013560314
1767961325.368363,184.5737504151485
1767961330.043626,1270.961250134429
1767961334.2430058,595.9162499693032
1767961338.4551003,1548.93250014619
1767961343.1669939,2214.6387500326628
1767961345.8661625,1127.3325000028453
1767961349.4720771,356.46624992400086
1767961354.0345244,1496.434999876632
1767961355.306021,-86.77125002607706
1767961360.144689,1385.727499844445
1767961364.7667742,2043.5050005254423
1767961367.8513627,1104.7650001104294
1767961370.8881865,436.81124985679827
1767961374.5276375,700.2175001716689
1767961379.0140676,1526.2150000542501
1767961383.0603492,1176.942500121734
1767961386.4237988,736.5100002413978
1767961390.4785075,1561.933749890342
1767961393.6569707,444.2537502907194
1767961397.0815187,1145.0349999977825
1767961400.3727436,11.18250002682222
1767961404.6316884,716.3212497505598
1767961407.831012,549.9275001025246
1767961412.4102747,2037.6862498815667
1767961415.6220372,1062.6049997373016
1767961420.0904279,1799.2550002224823
1767961423.7451997,1205.4899999894287
1767961425.5798414,-86.52125001877548
1767961430.8549168,232.54250012144206
1767961433.902062,1001.2387499997076
1767961438.855031,1832.3974999740906
1767961441.741278,1138.9699999301217
1767961444.6017537,563.4425000868845
1767961448.6266415,901.8137498745402
1767961453.2152238,1365.7262502981841
1767961458.2045443,1412.970000223834
1767961461.7601166,1394.5262499956984
1767961466.9516277,3817.292500214433
1767961469.5013516,1839.2700002537877
1767961473.268226,1720.9549998672483
1767961476.8078806,1586.8875003411063
1767961479.727987,831.588749992406
1767961483.4063797,2060.268749905403
1767961486.7152185,1084.0637500968667
1767961490.0618925,-752.2812500129647
1767961494.3774998,867.077499908509
1767961498.3687441,1054.758750214879
1767961501.6495388,476.73499997824155
1767961505.8973145,1796.7062501135704
1767961509.653273,827.1225000345814
1767961513.3540695,317.8949999617012
1767961517.4227326,1019.635000133969
1767961521.6009204,850.9700004355631
1767961525.653014,1545.2637500125388
1767961529.608436,2230.5950001010706
1767961533.1927214,1032.995000056039
1767961537.212577,-10000.0
1767961542.2217662,503.34750002414273
1767961547.043189,1052.1875001764458
1767961551.4525805,1849.8787499040523
1767961555.3617668,1170.1299999153694
1767961558.4701226,564.7225001154799
1767961562.6517358,1188.7637498030215
1767961566.485397,636.5787502309713
1767961569.8668494,985.3399999828689
1767961573.7245934,1189.3524998839318
1767961578.2058587,2673.868749928808
1767961581.6351626,1641.0024997677133
1767961585.3152387,2160.061249883347
1767961588.720069,902.8225002999695
1767961592.230225,-86.72625002637508
1767961596.9147675,1360.132500348842
1767961600.275453,477.6487502557082
1767961604.0002367,1324.4887497276195
1767961608.5071347,2342.682500038331
1767961612.438532,2001.08125000718
1767961616.2017586,1793.5899999083808
1767961618.6445591,-87.1187500278652
1767961623.3385012,1118.436250331409
1767961627.8874974,2094.548750034718
1767961631.048039,1060.2200000015039
1767961635.3028858,1933.8775000107598
1767961639.1808493,1547.9737500885326
1767961642.7885244,1335.1987497556352
1767961647.0101707,725.4262499377197
1767961650.8857028,1072.7500000552955
1767961654.6880438,626.869999967668
1767961659.3202798,850.9549999785507
1767961663.4901257,2158.246249971414
1767961667.3032396,1308.8175000816711
1767961671.5039778,1436.8212501487337
1767961675.458519,2529.8662498054123
1767961678.6767254,1288.9424999572427
1767961682.869626,1526.175000010145
1767961689.1888716,488.96625025436185
1767961693.9415348,2907.5074998010905
1767961696.9624698,1363.6862501590097
1767961700.7508028,926.3550001345593
1767961704.1367118,261.7662501183173
1767961708.1518302,1445.7512498904948
1767961712.0939295,905.6037502330615
1767961715.1609836,645.1612498228326
1767961719.1160512,1572.2662500910665
1767961722.1312106,-86.33375002488495
1767961727.560102,1629.4862500901722
1767961731.8576226,2199.41500022518
1767961734.9811683,453.04250027433534
1767961738.9761038,2037.3299999977985
1767961740.5356438,-10000.0
1767961745.6788332,1621.6612500372717
1767961749.3111134,1540.8812499816909
1767961752.8780422,2227.3437498654703
1767961756.4254787,2036.721250069471
1767961759.4679508,502.25874988526937
1767961763.0605872,513.6250002466141
1767961767.3153677,1849.9512500168562
1767961771.7708228,1397.3525001818014
1767961775.09448,929.2800000158031
1767961779.2993205,1623.0749998867645
1767961785.6715033,755.5487500818144
1767961789.6143248,459.3624998988286
1767961793.366501,1118.746250156477
1767961797.0218134,1240.022499875879
1767961800.6558282,864.6587499836239
1767961804.2720115,1104.2025000956748
1767961808.3193681,2069.1900000421706
1767961812.0331073,1883.561249880815
1767961815.6511633,1353.9987502175713
1767961819.405609,2304.997499981263
1767961822.1359916,991.3587499925474
1767961825.6517115,1321.9387499986722
1767961830.1206222,1742.6324999821438
1767961834.270959,635.5162502355857
1767961837.5674355,687.6462502191969
1767961841.7031946,1818.1637501677938
1767961844.832455,850.0587498761755
1767961848.753854,-137.54000008702246
1767961852.997865,1006.2575001630261
1767961857.518329,987.8037501233924
1767961861.0782068,808.4025001362015
1767961864.6845777,1002.1462499992609
1767961868.6533365,2131.197500117449
1767961872.122359,1736.40624973224
1767961876.0035827,1081.273749906435
1767961879.9295833,1665.5687501299221
1767961883.5052023,756.8187498590405
1767961886.4747813,-141.26875006541567
1767961890.3608894,780.5324999825662
1767961894.1458123,1630.4787499906317
1767961898.5954254,1035.4224998672485
1767961902.3926942,1312.8974999514332
1767961906.550259,374.3549998396609
1767961910.456576,939.3537501180215
1767961914.4399927,408.54999997496446
1767961918.8818984,2106.9650000946526
1767961923.689429,2861.6612498061622
1767961926.754636,1289.3649998584574
1767961931.5873585,1882.7024998583088
1767961934.7313547,694.474999889132
1767961938.3286357,53.87875016242201
1767961941.131814,643.3224999027092
1767961945.1508641,703.9150001029773
1767961950.859395,1248.9500000417374
1767961957.0800412,1448.1150000083348
1767961961.2371585,2425.466249828216
1767961964.4656801,829.5800002317177
1767961967.6327498,577.7099998794488
1767961972.7286227,792.6562500359199
1767961975.9774418,887.786249984666
1767961979.8497276,1448.2924998541275
1767961983.1811361,257.0399998992669
1767961987.4050822,1699.1387501105849
1767961990.8563108,385.7287503688018
1767961995.05263,1237.4337500141705
1767961999.810107,1076.966249839967
1767962003.2389333,1062.149999876166
1767962007.1702495,1635.868750109842
1767962013.915583,632.7850003364704
1767962017.7327132,1012.992500215329
1767962021.8495972,310.45124998838276
1767962025.8636794,1109.71499991239
1767962029.8263834,1345.7337501819616
1767962032.7102988,812.3237499710882
1767962036.6170223,1091.7887499012156
1767962040.5582387,1543.7024999873233
1767962043.8869305,843.8262499995647
1767962047.335969,1394.6412499559144
1767962050.476814,345.2825000768859
1767962054.5801919,922.9050001552714
1767962058.5617867,1717.4775001129715
1767962062.3985531,988.8537501174294
1767962066.3512044,1733.4349999711108
1767962070.149592,1520.4487500403907
1767962073.699176,993.8462499825762
1767962077.168061,1165.2150001190585
1767962081.0015962,842.6362500885232
1767962084.62555,1193.3687501973031
1767962088.3506272,1273.940000192684
1767962092.7904632,2893.7812502691227
1767962098.80338,1471.575000103428
1767962103.4762506,1585.7262499763303
1767962107.2726166,1059.6537499672222
1767962111.3990047,1808.4200000891356
1767962115.2327178,49.261250181642275
1767962119.5201402,1061.3225003557015
1767962126.4559062,607.8637499771969
1767962130.838625,1017.2125001004421
1767962134.4765067,410.8537501105687
1767962138.853902,2008.5899999065973
1767962142.4538944,1826.0637499323675
1767962146.2189891,1401.7312503932608
1767962149.6896892,910.9624999581383
1767962153.916655,1101.397499903
1767962158.4967175,1210.8475000909102
1767962162.143569,420.9350002440794
1767962166.3085196,1110.2037500287756
1767962170.8817399,1690.8162502499104
1767962174.2696779,1391.5737501791252
1767962177.6128254,1050.4375000001553
1767962181.3452735,1025.6650003995082
1767962185.4422162,1471.4700002321674
1767962188.6567526,1250.9712499675181
1767962192.2801902,1501.1487499085292
1767962196.0221753,876.4250001312818
1767962199.8319278,1061.3862499903257
1767962204.042072,2214.397500208338
1767962207.233259,671.233750246164
1767962210.768988,162.53124996617362
1767962217.8979015,1321.8525001417115
1767962221.6339157,1515.8824998600949
1767962225.8689084,1410.5812501192268
1767962229.827545,851.8950000210103
1767962232.5129077,1391.5724999700633
1767962237.2702794,2069.2887499793087
1767962240.3073716,1184.5312498538358
1767962244.598891,1583.228750196125
1767962247.3962238,42.10000002011486
1767962252.115991,1488.2575002208473
1767962255.72525,930.3912500001595
1767962258.9146957,581.5774998676759
1767962262.9026625,533.9237502914646
1767962266.9042473,270.74499985054115
1767962271.5876334,839.9962501482778
1767962276.134672,1553.7737501189283
1767962280.370822,619.4287498629177
1767962285.0935361,2155.0062500889862
1767962289.0020092,1502.8775002643656
1767962291.8008478,-223.23500117361533
1767962297.1859133,1917.4800000001705
1767962301.0596533,1536.3087503655402
1767962304.9654593,718.6400002521266
1767962308.9213276,1730.242500112677
1767962313.113186,2224.211249857722
1767962318.2055695,1628.1825001315997
1767962322.1752937,2385.56624981194
1767962325.8667374,1322.4662501108862
1767962329.563936,1749.7075000286281
1767962334.1848736,1439.7687501071637
1767962337.4420004,1512.2862500532106
1767962341.7532127,1304.21000010566
1767962346.4018037,1627.2737500383096
1767962350.2417903,1815.745000345428
1767962352.3127325,-10000.0
1767962367.7193449,1798.7387502564611
1767962371.609707,1183.8662497389466
1767962375.073983,796.7525000631864
1767962378.6528394,808.3100000710882
1767962382.7375076,2218.49499993894
1767962385.9421046,961.3100001305453
1767962390.2371254,1592.2562500293823
1767962396.8195188,884.0762499268425
1767962401.6949897,1815.732499819282
1767962405.3536594,1811.7287498094327
1767962408.899114,438.1250001269556
1767962412.537207,1583.785000071252
1767962415.857851,953.7562499880802
1767962420.2874365,2034.9162501795677
1767962423.206275,663.8437499989572
1767962427.201424,1122.8637500053733
1767962430.353029,583.7899999660248
1767962434.3255208,1259.5712500704788
1767962439.1590824,1347.656249890192
1767962442.6440039,220.65374999969896
1767962446.4382863,903.997499905985
1767962450.4274778,1889.711249562825
1767962453.8954682,598.8975000625861
1767962456.6333854,-87.69125002712016
1767962460.816465,710.1374999845017
1767962465.2110422,1838.5962501059628
1767962468.971912,1399.3437500590226
1767962472.2463565,1089.5574998420648
1767962476.1092596,1698.1275001336846
1767962480.0705414,1555.163750280454
1767962483.0338345,316.9200002163628
1767962486.476118,122.75124996125578
1767962490.5898294,959.6737503497463
1767962494.573512,1966.9849999767607
1767962498.2942321,1147.9037499672363
1767962501.6055334,739.2612505385312
1767962504.9484713,1473.6600000173025
1767962507.724459,-87.2825000265241
1767962512.10145,858.7037503635972
1767962516.7661161,620.106249983171
1767962520.904482,1384.6174998740994
1767962524.4328172,2205.4062500257996
1767962528.194876,1025.067499858753
1767962531.8155868,750.4362499854024
1767962535.2405252,723.5612502989134
1767962539.195178,1531.5112501904546
1767962543.287241,865.8862499913646
1767962546.8550878,967.591250126077
1767962551.157464,2156.0887502283185
1767962554.6989021,983.8099998724568
1767962558.978874,1479.5600002534943
1767962562.429683,1017.0887502081772
1767962565.4778895,-86.51250002533199
1767962570.4163885,1383.5325001371043
1767962574.29485,1454.2375003151708
1767962578.1299763,1607.1400000508288
1767962582.3737252,2086.7274997602613
1767962585.953381,491.2887502229196
1767962590.1022475,1180.165000029514
1767962593.5662923,922.4937502311193
1767962597.868227,2592.9387500384596
1767962601.824706,2565.5012502508043
1767962606.1872594,1324.311250195521
1767962610.2026386,1655.6775001457477
1767962614.2277663,1315.3700001934362
1767962617.3947604,1044.5162503601664
1767962620.904509,323.3200000770379
1767962625.778586,1597.4300002211544
1767962629.2653782,1493.2387499492063
1767962633.916287,2507.7775000774955
1767962637.4529662,1638.1649998605462
1767962640.1010823,377.3537499853966
1767962644.1971183,1220.011249891825
1767962647.9902177,1261.8862501725678
1767962651.8046474,1120.8137499919612
1767962655.5534158,1921.7650002865714
1767962659.2184925,1269.6812500153642
1767962662.728378,324.3900000365078
1767962672.1114852,280.4175001297905
1767962675.709915,468.46500000521775
1767962680.1349566,2568.7475001602215
1767962683.6543732,835.3925001841802
1767962687.3243105,-223.23625117242324
1767962691.6722648,416.53500004321916
1767962696.087427,2486.0187501558903
1767962699.137188,1217.605000278519
1767962702.9739351,315.20249997541305
1767962706.2054248,-86.56125002518299
1767962710.9844816,1006.2099998980832
1767962714.6495247,1444.05500017808
1767962718.5205715,1579.0012498042129
1767962721.9128666,565.2312502197981
1767962725.3506575,1051.6224997313432
1767962732.9659371,2704.269999937157
1767962736.3731477,1472.8237502744932
1767962739.9084897,2121.4837501940156
1767962743.197057,1259.6849999781004
1767962747.3827279,1271.3112499955507
1767962751.200253,1640.120000025037
1767962754.2046387,309.7350000503654
1767962756.55739,-86.55875002533199
1767962761.3782215,1726.5187497487925
1767962763.9255147,-86.74000002563002
1767962768.411476,2000.3612497748322
1767962771.3321202,-223.23750117123114
1767962775.7154357,1382.8462499982168
1767962780.3480527,1575.7525002418647
1767962782.2134447,-86.78875002548101
1767962786.6576586,1297.8500000648387
1767962791.903002,2377.5899999626245
1767962799.762291,1107.5100004896626
1767962803.6083894,1142.6062505531377
1767962805.7455442,-364.94375010102976
1767962809.534285,811.2274996307566
1767962813.6200325,1017.3075000959864
1767962817.1079464,871.5612500727295
1767962821.2730489,1399.1074998654544
1767962825.0905466,752.1837502731503
1767962828.7692075,1566.14875019045
1767962833.0321496,2230.5849998024355
1767962836.3171196,425.27499975905147
1767962839.5810502,750.6712500606594
1767962842.987555,577.7900003343809
1767962845.797015,-86.75375001877549
1767962850.3534122,1156.831250112218
1767962854.224552,2326.4550000767563
1767962857.8152783,1778.8962501839044
1767962861.6132348,2502.4612499322416
1767962864.7547035,1212.268750001061
1767962868.9341779,2102.7125002275743
1767962872.8484476,2236.2662503066963
1767962875.7855203,-42.424999949335756
1767962880.5637896,1458.3624999980793
1767962884.2966554,-754.0937500073023
1767962888.837129,1381.8012497727675
1767962893.049965,2051.2700001210133
1767962896.447384,780.2625001844856
1767962900.0516584,1094.6475002786647
1767962903.928474,929.0337498199979
1767962907.4680934,1416.512499877234
1767962911.1014354,372.73750062599913
1767962917.964683,1471.4824998021284
1767962921.7314527,1063.2275000254995
1767962924.7646854,374.5037499988076
1767962928.754898,1071.2612499837614
1767962932.198857,975.2550000006033
1767962935.5750737,1151.3124998731994
1767962939.505806,1844.3887499855712
1767962942.806569,-86.89125002756717
1767962948.0422332,3203.9762500487595
1767962950.5007994,-87.93500003054743
1767962955.0669446,509.8000000435207
1767962959.1717002,1984.7062501569042
1767962962.2732766,354.32874990016217
1767962966.6394804,1063.303750149463
1767962971.0375137,2559.2287499927006
1767962974.753841,887.0437502090717
1767962978.21839,1374.5412502522784
1767962983.035595,2203.5737499182105
1767962986.5433788,1182.6362499381678
1767962989.9632201,170.83875054090748
1767962994.297048,2574.3112499496106
1767962998.462998,1733.4000001725672
1767963002.9976118,908.8150001095322
1767963006.9748604,1429.931250082721
1767963010.8293707,1702.637499899735
1767963014.6428561,933.8537498189605
1767963017.961234,688.130000322313
1767963022.1536772,573.0737500259266
1767963024.6136885,-86.49875002607705
1767963029.60881,1956.107500214898
1767963032.4929261,236.98749995156913
1767963036.4944253,632.2224999439708
1767963040.9617653,1352.9137497359682
1767963045.4322507,3269.3687500765977
1767963048.0179682,840.8737499788409
1767963052.1622481,2190.2100001418935
1767963055.5257702,1188.8012499562005
1767963059.9526176,1463.364999747116
1767963064.0330884,1892.8799997869387
1767963067.7780871,1473.9187500007652
1767963071.5653236,874.6012500797311
1767963075.7385643,1803.1599999875034
1767963079.7811096,1844.2575001526093
1767963084.0804858,2085.467499776073
1767963087.6080854,1327.9050000259467
1767963091.3503807,1694.7650003120518
1767963093.887135,-86.33375002488495
1767963098.8565958,708.6187499220737
1767963102.5684147,833.2949998997186
1767963106.5325458,1896.2262499942103
1767963113.5661843,1919.2337500982298
1767963117.2856915,2085.7250001095354
1767963123.2421615,1304.2300000941898
1767963126.6135843,440.5737499682559
1767963129.9349282,-87.40625002741817
1767963134.7014322,744.4324999792909
1767963138.2604392,702.4575000962608
1767963142.9388518,384.016250035916
1767963147.5772872,2733.8937499080826
1767963151.2748435,973.1100001166876
1767963154.9544675,1117.9112498402712
1767963158.8360808,1842.2824998958654
1767963163.1656742,2854.621249953219
1767963166.3505614,838.4687499384681
1767963170.3034084,1097.7762496988648
1767963173.842815,250.7137502227706
1767963178.0747292,2144.1425002411283
1767963184.7487533,3050.852499800341
1767963188.1166046,479.43875024989956
1767963191.944306,1363.9375001743579
1767963196.2859268,959.8150000247448
1767963200.4300532,1232.8587499982261
1767963203.7496393,387.7925002954868
1767963207.975249,1623.506250163929
1767963215.1606815,2378.2924999850957
1767963217.0969758,-86.77125002607706
1767963222.1069791,2059.0037502260834
1767963226.354762,2266.0037502517093
1767963230.7376146,2432.215000178702
1767963233.3193645,344.1150000891138
1767963239.9452004,719.5700000040322
1767963242.6993556,-87.05500002622607
1767963246.8755097,772.5399999725871
1767963250.5954027,1006.4987500183336
1767963253.8139126,602.7637499845025
1767963261.5620008,1709.7387502217455
1767963265.077847,1320.486249820307
1767963269.0357115,912.4000000672135
1767963272.6991873,528.0475002223317
1767963275.778088,-86.33375002488495
1767963280.3180792,1145.7437500028377
1767963284.1296477,1739.4787500169969
1767963287.8271804,1461.1162498864653
1767963291.4468627,1083.5437502107097
1767963295.801732,1659.6587500353276
1767963299.2515852,1440.7549997413264
1767963303.6008332,1759.7237500985168
1767963307.1968124,955.3800003762668
1767963310.6598825,1413.1449997387995
1767963315.4446566,1199.250000140087
1767963320.3041642,2367.515000138733
1767963323.8052263,1690.4712499757188
1767963328.3198364,1618.97750022443
1767963331.9847646,901.4312502123506
1767963334.942062,-87.64750002801422
1767963339.2429137,1310.9650000645402
1767963341.1470282,-86.72625002637508
1767963345.991563,1271.9662503652473
1767963349.6110933,893.7262502580954
1767963353.3239744,244.58000002994854
1767963357.4882295,1172.8375000795852
1767963360.3904564,286.3337502007174
1767963365.2962716,1482.828750101045
1767963368.731202,581.942499970047
1767963373.0963545,1293.2612505386999
1767963376.2395515,773.8512499994129
1767963381.067356,1381.4075003478079
1767963385.3515606,1542.3724999073281
1767963388.885942,1285.773750084499
1767963391.8633862,312.732500244077
1767963395.925189,1355.9474999514355
1767963399.9532747,1781.7049999821397
1767963407.4879408,1630.6024997948393
1767963409.9053745,-10000.0
1767963414.368271,992.2162498059948
1767963418.8906014,1860.2362500036015
1767963422.1193202,330.65125019058485
1767963425.949236,799.6875001357644
1767963430.0799932,1607.7225001286147
1767963433.340231,1212.7125002503442
1767963437.0934918,1999.6637501515659
1767963439.3727732,-10000.0
1767963444.594511,929.7700000596184
1767963448.596546,2866.461249918917
1767963451.5564642,888.6737501095337
1767963455.4258087,1186.5287498550251
1767963459.696946,1001.7487499977717
1767963463.9918704,1916.5062498117732
1767963468.4916468,3765.9324999645205
1767963471.8957865,1103.6725002624244
1767963474.991033,626.1974998816839
1767963478.6855683,764.3424998398226
1767963482.385447,1012.3900000268331
1767963486.441125,1840.8062501521622
1767963489.971362,733.7837501537776
1767963494.2073662,1178.2000002668876
1767963498.1795995,1790.7600002697304
1767963501.9805791,252.02375016077946
1767963504.3025255,-563.376250215918
1767963508.5920942,1601.1987500515756
1767963512.157762,604.237500228581
1767963516.144573,1765.2400000010355
1767963520.6601322,1993.6437499580013
1767963523.8127267,463.00750008732365
1767963527.9392078,1249.1787501330796
1767963533.003773,2240.274999953536
1767963536.7517064,1601.5487498513035
1767963539.8332667,244.40500029489232
1767963543.3150783,794.0787499669252
1767963548.2428854,1914.8987502592831
1767963551.5501301,947.5537499290815
1767963556.1036468,1404.6275002354566
1767963559.2832713,488.49749996126354
1767963562.1096292,-556.1324998253587
1767963566.563865,2111.812499964836
1767963570.6785808,1389.67625002073
1767963577.4362655,1372.4050002803076
1767963581.168571,1766.0137497529674
1767963583.653608,-86.10625002458693
1767963588.127323,610.826250227088
1767963591.1870031,598.1149999916548
1767963595.8900378,2083.810000133095
1767963599.5984747,1599.8324999031609
1767963603.3524523,1529.9662500800346
1767963606.3141036,60.56749998375717
1767963610.3462858,-58.15375033140184
1767963615.018558,2267.318750185527
1767963618.1022973,1379.7662500371157
1767963621.5474062,808.1899998669415
1767963626.0565298,1174.119999858598
1767963629.9417782,705.6024999713875
1767963633.5960813,890.5549999806375
1767963638.0187814,1127.3375004549432
1767963641.5115993,560.8725000009005
1767963645.7489107,2311.6962498689036
1767963648.9272852,1570.1937500085119
1767963653.0815482,1090.8450001348688
1767963660.4045107,2078.7112500166854
1767963663.413648,-223.23625117242324
1767963668.3152986,884.0875002229288
1767963675.1827571,1061.3662499745292
1767963681.9587681,739.0249999930039
1767963686.320194,1012.605000246027
1767963689.8013136,912.7549998864637
1767963693.4532392,1000.7337500079036
1767963697.5613616,443.273750100578
1767963701.543911,1319.8525002601978
1767963705.1005244,1566.7625001333824
1767963708.0849104,320.303750299518
1767963712.5213647,1527.2312498317865
1767963716.3053148,1446.8899999918156
1767963719.703697,591.014999955154
1767963724.0229259,1730.3412502028325
1767963726.8650055,600.5712499944859
1767963730.6204438,585.9887501917766
1767963734.61181,608.2149999973177
1767963738.7722604,1078.4350000029863
1767963742.6247015,-87.24125002622608
1767963746.7145753,806.5487502096696
1767963750.6568904,954.0262499932985
1767963753.995606,230.32875016063366
1767963758.125126,1144.300000115493
1767963762.2661457,1759.6650001055234
1767963765.2524586,781.9900002017672
1767963769.571424,1581.19625005188
1767963773.823136,2192.553749999442
1767963776.777861,853.6862503495846
1767963780.8547277,1490.2349999725932
1767963784.7997785,1920.3049998546
1767963788.3807695,903.1325002169721
1767963792.2131357,1479.181249890938
1767963795.4862745,429.028750198926
1767963799.146191,966.3575001281613
1767963802.8896244,1331.4624999022667
1767963806.4185576,958.7662499071712
1767963809.865797,843.7137500022438
1767963813.9109986,651.7950002136855
1767963816.9342315,-86.72625002637508
1767963821.578596,1840.2587503290342
1767963824.851111,515.3475001236766
1767963828.3893294,407.05499997600964
1767963832.8253329,1454.246250107753
1767963836.944034,1717.3337499821434
1767963840.7482793,983.7512504883165
1767963844.1679862,1248.9062501144526
1767963848.4012313,1965.541250102516
1767963851.7395885,653.3774997524965
1767963855.6665583,2327.5187501995265
1767963859.0927184,900.7987502034097
1767963861.062886,-569.3912502148748
1767963865.4343135,522.5674997486278
1767963869.2223635,1113.4724999959956
1767963872.9099953,1529.0824997131713
1767963876.917376,1775.3074998966047
1767963880.6974847,1595.7437502367973
1767963885.149426,1970.3137503515295
1767963888.417822,-10000.0
1767963892.75644,510.1824999360735
1767963897.075122,1429.7862497933381
1767963899.7651184,-10000.0
1767963904.6991196,1082.042499737602
1767963908.7081976,1501.096250119085
1767963911.7857788,584.0074998445796
1767963915.9057071,612.2762502761208
1767963919.2554595,1105.6937500348765
1767963923.1785562,1071.0337504518166
1767963927.130612,1787.007500055603
1767963930.6820076,1215.470000111319
1767963934.1253827,927.8337501733071
1767963938.3776848,2211.511250129074
1767963942.034237,1200.8525000719924
1767963946.039194,1788.1750004604696
1767963949.5439959,958.8750004667154
1767963954.503625,1003.1137504042814
1767963958.3425188,1121.5812499933063
1767963962.1362972,1685.0874999116604
1767963965.4447846,1004.3324999114953
1767963969.507051,1568.1162499934644
1767963972.2137456,-10000.0
1767963977.3700264,2244.7174998566743
1767963980.5407693,752.8874998803487
1767963984.6792145,1101.2175001063945
1767963988.5133226,603.5312499864397
1767963993.311476,2238.8912501524646
1767963997.0524845,902.1037500560363
1767964000.5726173,2004.2062498767948
1767964004.3038313,978.9900000183341
1767964009.4720225,1078.8712498812424
1767964013.3050125,1457.257500382673
1767964017.453718,2110.9087501019094
1767964021.379701,1965.1312499819985
1767964025.1050413,1635.8200000921086
1767964028.4389937,1567.0887501351676
1767964031.8011892,951.1800000505185
1767964036.4817998,1754.9912499203049
1767964039.8774626,807.4674998137368
1767964044.0445704,1007.0024998980887
1767964052.0908132,1429.4675002668955
1767964055.668882,615.4837500829983
1767964059.2626975,647.2699999041919
1767964062.8103054,523.515000107883
1767964066.6836264,1161.222499869325
1767964069.9530704,469.0050000779379
1767964075.6271367,1272.0212500590214
1767964079.266936,630.3062503421286
1767964082.988142,1836.2150001199711
1767964085.8791995,39.26999994754537
1767964089.8242984,-88.04000002950434
1767964094.2646573,306.27999993622956
1767964108.326891,1056.1325001260725
1767964111.3043215,-152.40625001147538
1767964115.6329637,1120.311250095534
1767964119.6236129,1835.64374995591
1767964123.5995624,893.5749997499668
1767964127.8597846,1018.261249847426
1767964131.5799518,1052.222500250054
1767964135.2971249,961.6562502039999
1767964139.035465,1322.0725001177245
1767964142.4527578,1146.4737499865928
1767964146.5293725,1010.4037498785676
1767964153.6235175,499.09750010862774
1767964156.8206217,1226.0212500221965
1767964160.2324176,548.0137502309683
1767964165.4593163,3500.9950002176774
1767964168.8743815,1249.3137503537503
1767964172.4599402,1381.2712500025546
1767964175.9198365,1352.6149998402743
1767964179.6380615,1659.3512500837653
1767964183.7887063,432.37250032455756
1767964187.4258687,1512.2000000374035
1767964190.3032484,-86.512500025332
1767964194.648266,1243.3637503287314
